business,website,city,dated_clue,contact_name,email,status,sent_date,reply,package,notes
R&G Metal Products,https://www.randgmetal.co.uk/,Twickenham / SW London,Placeholder Lorem ipsum still on How we work; thin pages for est.1982 fabricator,,randgmetalproducts@btconnect.com,sent,2026-07-30,,,Wave 1
LK Print Limited,https://lkprint.co.uk/,London N7,Homepage repeats the same welcome block 3x; enquiry via info@ + WeTransfer,,info@lkprint.co.uk,sent,2026-07-30,,,Wave 1
Print Room Soho,https://printroomsoho.com/,London W1,Thin Wix-style single page; giant Request a Quote for a 24hr West End printer,,info@printroomsoho.com,sent,2026-07-30,,,Wave 1
Kopykat Printing,https://www.kopykat.co.uk/,London EC2,Long text-heavy homepage; quote link buried for 35yr City printer,,print@kopykat.co.uk,sent,2026-07-30,,,Wave 1
MJ Kloss Carpentry,https://mjklosscarpentry.co.uk/,London SE15,Offer banners + form clutter on est.1979 joiner site,,contact@mjklosscarpentry.co.uk,sent,2026-07-30,,,Wave 1
CAG Electrical Contractors,https://cagelectrical.org.uk/,Surbiton / London,CompanyWebsite.co.uk template; broken image placeholders vs Crown Estate / Dorchester work,,info@cagelectrical.co.uk,sent,2026-07-30,,,Wave 1
London Electrical.Com Ltd,https://www.londonelectrical.com/,Dartford / G.London,Long walls of text; weak Call now CTA for NICEIC family firm since 1993,,info@londonelectrical.com,sent,2026-07-30,,,Wave 1
W MacCarthy & Sons,https://maccarthyandsons.com/,London SE18,Heavy multi-field quote form; no sharp mobile CTA for packaging since 1880,,boxes@maccarthyandsons.com,sent,2026-07-30,,,Wave 1
KP Engineering,https://www.kpengineering.co.uk/,Wembley / London,Long marketing pages underplay workshop/process for fabricator since 1990,,info@kpengineering.co.uk,sent,2026-07-30,,,Wave 1
Elite Electrical Contracting,https://www.eliteelectrical.co.uk/,Sutton / London,Sparse homepage; brochure-thin for £15m commercial fit-out firm,,info@eliteelectrical.co.uk,sent,2026-07-30,,,Wave 1
IPW1 / Colourdome,https://www.ipw1.co.uk/,London SE1,Photo By: John Doe placeholders still on About/Team blocks,,hello@ipw1.co.uk,draft,2026-07-31,,,Wave 2 draft - review before send
The Colourbox Printing,https://www.thecolourboxprinting.com/,London N1,Dense homepage; hard to scan for first-time buyer,,sales@thecolourboxprinting.com,draft,2026-07-31,,,Wave 2 draft
Tara Fabrications,https://tarafabrications.co.uk/,London SE15,Repeated GET A QUOTE blocks; SEO-heavy copy for 30yr Peckham fabricator,,info@tarafabrications.co.uk,draft,2026-07-31,,,Wave 2 draft
Multilines Commercial,https://multilinescommercial.co.uk/,Wembley / London,Brochure-style site; soft conversion for 40yr Wembley joinery factory,,info@multilinescommercial.co.uk,draft,2026-07-31,,,Wave 2 draft
D2R Print Solutions,https://d2rcrossmedia.com/,Watford,Insanely great hype + free productivity pack crowding the print offer,,response@d2rCrossMedia.com,draft,2026-07-31,,,Wave 2 draft
London Joinery Services,https://londonjoineryservices.co.uk/,London NW4,Raw CSS fragments in page chrome; hard-sell price-guarantee layout,,info@londonjoineryservices.co.uk,draft,2026-07-31,,,Wave 2 draft
Falkus Joinery,https://falkusjoinery.co.uk/,London EC2,Legacy myzen.co.uk site still live alongside main presence,,info@falkusjoinery.co.uk,draft,2026-07-31,,,Wave 2 draft
Printingprogress,https://printingprogress.co.uk/,Bromley / UK,Callback popup + closed-shop notice + noisy web path,,info@printingprogress.co.uk,draft,2026-07-31,,,Wave 2 draft
R Perkins & Sons,https://rperkins.co.uk/,London EC1,Typos in SEO copy (specialist s / HV AC) for Smithfield HVAC firm,,info@rperkins.co.uk,draft,2026-07-31,,,Wave 2 draft
Yellow Print,https://yellowprint.co.uk/,Battersea / London,Dense service grid + heavy quote form before workshop story,,info@yellowprint.co.uk,draft,2026-07-31,,,Wave 2 draft
Sky Electrical,https://www.skyelectrical.co.uk/,Twickenham / London,Polished enough - skip,,info@skyelectrical.co.uk,skip,,,,Too modern benchmark
London Box Printer,https://londonboxprinter.uk/,London,Spammy/broken English - skip,,,skip,,,,Verify legitimacy first
Essex Steel Fabrications,https://www.essexsteelfabrications.co.uk/,Rochford / Essex,Old .asp pages; stock medical-team photos on fabricator homepage,,info@essexsteelfabrications.co.uk,draft,2026-08-03,,,Wave 3 draft
Neill Wright and Associates,https://neillwright.co.uk/,Theydon Bois / Essex,Typos self-sssessment / intial; fax still listed,,info@neillwright.co.uk,draft,2026-08-03,,,Wave 3 draft
Consolidated Roofing,https://www.consolidatedroofing.co.uk/,Bromley / S London,WE WILL BEAT ANY PRICE hard-sell SEO for family roofers,,enquiries@consolidatedroofing.co.uk,draft,2026-08-03,,,Wave 3 draft
Chris Simms Carpentry,https://www.chrissimmscarpentry.co.uk/,St Albans / Herts,Early-2010s template; repeating welcome lines,,info@chrissimmscarpentry.co.uk,draft,2026-08-03,,,Wave 3 draft
Lazar Print,https://www.lazarprint.co.uk/,Watford,Upload failed messaging on homepage quote path; product laundry list,,info@lazarprint.co.uk,draft,2026-08-03,,,Wave 3 draft
Garden City Packaging,https://gardencitypackaging.co.uk/,Letchworth / Herts,Duplicate hero; Mon: Thurs hours; plastic vs cardboard muddle,,info@gardencitypackaging.co.uk,draft,2026-08-03,,,Wave 3 draft
Collins Packaging Supplies,http://www.collinspackaging.co.uk/,Brentwood / Essex,Thin brochure site for family packaging since 1935,,orders@collinspackaging.co.uk,draft,2026-08-03,,,Wave 3 draft
RGS Joinery,https://www.rgsjoinery.co.uk/,Kings Langley / Herts,Thin Wix-style page vs Buckingham Palace / EuroDisney CV,,info@rgsjoinery.co.uk,draft,2026-08-03,,,Wave 3 draft
Matrix Electrical Engineering,https://www.matrixelectricalengineering.co.uk/,Harlow / Essex,2014 copyright; long accreditation walls bury CTA,,info@matrixelectricalengineering.co.uk,draft,2026-08-03,,,Wave 3 draft
Threeway Precision,https://www.threewayprecision.co.uk/,Southend / Essex,Bare welcome page + table contact for 35yr sheet metal firm,,info@threewayprecision.co.uk,draft,2026-08-03,,,Wave 3 draft
Easton Sheet Metal,https://eastonsheetmetal.co.uk/,Harlow / Essex,Est.1977 aerospace focus - site relatively current,,info@eastonsheetmetal.co.uk,researched,,,,Wave 3 backlog
TFW Print & Packaging,https://tfwprinters.co.uk/,London SE18,Polished luxury packaging site - skip,,sales@tfwprinters.co.uk,skip,,,,Too modern
JKSM Sheetmetal,https://www.jksm.co.uk/,Whitstable / Kent,Relatively current design site,,info@jksm.co.uk,researched,,,,Wave 3 backlog
Southwood UK Roofing,https://www.roofercroydon.com/,Croydon,Yell Business powered; copyright 2015,,,researched,,,,Email unclear - backlog
VIR Electrical,https://virelectrical.co.uk/,Stevenage / Herts,Incomplete homepage sentence; Telephone/Fax still listed,,,researched,,,,Wave 3 backlog
OM Electrical,https://om-electrical.co.uk/,Stevenage / Herts,Commercial electrical - review later,,info@om-electrical.co.uk,researched,,,,Wave 3 backlog
EDP Packaging,https://www.edpgroup.co.uk/,Southend / Essex,Removal/packaging stockist - review later,,sales@edpgroup.co.uk,researched,,,,Wave 3 backlog
HB Accountants,https://hbaccountants.co.uk/,Hoddesdon / Herts,Relatively current community site,,,skip,,,,Too modern
Bespoke Batchelor,https://www.bespokebatchelor.co.uk/,Herts / Bucks,Newer feel joinery site,,Andrew@bespokebatchelor.co.uk,researched,,,,Wave 3 backlog
Romark Engineering,https://engineeringessex.co.uk/,Stanford-le-Hope / Essex,SEO-heavy engineering pages,,jobs@romarkengineering.com,researched,,,,Wave 3 backlog
Printing Watford,https://printingwatford.uk/,Watford,Spammy SEO English - skip,,watford@printinggroup.uk,skip,,,,Legitimacy / quality
BB Fabrication,https://bbfabrication.co.uk/,Tipton / West Midlands,Latin filler Congue accumsan mid-page; experience counters stuck at 0,,support@bbfabrication.co.uk,draft,2026-08-21,,,Wave 4 draft
OTK Shopfitters,https://otkshopfitters.com/,Birmingham,Lorem ipsum still in contact/info block for commercial shopfitter,,info@otkshopfitters.com,draft,2026-08-21,,,Wave 4 draft
William Austin,https://www.williamaustin.co.uk/,Balsall Common / Coventry,Placeholder user@domain.com still published on commercial HVAC site,,wmahelpdesk@wmaustin.co.uk,draft,2026-08-21,,,Wave 4 draft
New Town Printers,https://www.newtownprinters.co.uk/,Birmingham B14,COVID 19 SAFETY still on homepage; sales@lgdsolutons.com typo; ©2019,,sales@lgdsolutons.com,draft,2026-08-21,,,Wave 4 draft
MJ Metalcraft,https://www.mjmetalcraftltd.co.uk/,Birmingham B6,ACURACY and View Galley typos on est.1984 fabricator homepage,,info@mjmetalcraftltd.co.uk,draft,2026-08-21,,,Wave 4 draft
Paul Charles Roofing,https://paulcharlesroofing.co.uk/,Rowley Regis / Birmingham,Sofitt muliti-let Edgbastonm typos across service and area copy,,info@paulcharlesroofing.co.uk,draft,2026-08-21,,,Wave 4 draft
Leigh & Co Roofing,https://leighandcoroofing.co.uk/,Coventry,Same Major roofing overhaul specialists block repeated 6x,,info@leighandcoroofing.co.uk,draft,2026-08-21,,,Wave 4 draft
C. Stevens Roofing,https://cstevensroofing.co.uk/,Solihull / Coventry,Nemo Enim Latin leftover; Honliey typo for Honiley yard,,craig@cstevensroofing.co.uk,draft,2026-08-21,,,Wave 4 draft
Hooper Engineering,http://hooperengineering.co.uk/,Oldbury / West Midlands,Bare KS Webdesign brochure page; thin quote path for family fabricator,,enquiries@hooperengineering.co.uk,draft,2026-08-21,,,Wave 4 draft
GCC Concepts,https://gccconcepts.co.uk/,Kings Norton / Birmingham,throught manor complete to design typos on shopfitter site,,counters.gcc@gmail.com,draft,2026-08-21,,,Wave 4 draft
Pressbond Fabrications,https://www.pressbond.co.uk/,Oldbury / West Midlands,Postforming to Specifaction typo on laminate fabricator site,,lynne@pressbond.co.uk,researched,,,,Wave 4 backlog
A. Edmonds & Co.,https://edmonds.uk.com/,Birmingham B19,Fax still listed; schema dateModified stuck at 2012,,enquiries@edmonds.uk.com,researched,,,,Wave 4 backlog
4 Fabrications,https://www.4fabricationsltd.co.uk/,Hockley / Birmingham,Precision Craftmanship typo; dense SEO walls for sheet metal firm,,sales@4fab.co.uk,researched,,,,Wave 4 backlog
Profab Coventry,https://profabcoventry.com/,Coventry,enquiriy form heading; ©2021 on precision sheet metal site,,sales@profabcoventry.com,researched,,,,Wave 4 backlog
Prestige Print,https://prestige-print.co.uk/,Telford / West Midlands,Explore Catagories typo on commercial printer site,,sales@prestige-print.co.uk,researched,,,,Wave 4 backlog
Hydro Mechanical Services,https://www.hydrogroup.co.uk/,Sutton Coldfield,Lorem ipsum still wired into exit-popup copy for est.1970 HVAC firm,,mailbox@hydrogroup.co.uk,researched,,,,Wave 4 backlog
Dunya Packaging,https://www.dunyapackaging.com/,Birmingham B7,Older WordPress stack; ©2020 on branded packaging manufacturer,,info@dunyapackaging.com,researched,,,,Wave 4 backlog
Willetts Kitchens,https://willetts-kitchens.co.uk/,Stoke-on-Trent,Joomla template feel for 30yr family kitchen manufacturer,,info@willetts-kitchens.co.uk,researched,,,,Wave 4 backlog
RRJ Design,https://rrjdesign.co.uk/,Digbeth / Birmingham,Homepage quality/experience counters stuck at 0,,info@rrjdesign.co.uk,researched,,,,Wave 4 backlog
D4 Building & Electrical,https://www.d4buildingandelectricalltd.co.uk/,Dudley / Cradley Heath,Dudley multi-trade builder - review later,,dave@d4builders.co.uk,researched,,,,Wave 4 backlog
Hodson Riley,https://hodsonriley.co.uk/,Walsall,Small Walsall accountants - relatively current,,info@hodsonriley.co.uk,researched,,,,Wave 4 backlog
Walker Solicitors,https://www.walkersolicitors.com/,Walsall,Walsall solicitors - relatively current,,info@walkersolicitors.com,researched,,,,Wave 4 backlog
BES Legal,https://beslegal.co.uk/,Great Barr / Birmingham,Great Barr solicitors est.1925 - relatively current,,enquiries@beslegal.co.uk,researched,,,,Wave 4 backlog
JP Property Services,https://jp-propertyservices.co.uk/,Birmingham,Birmingham multi-trade - review later,,sales@jp-propertyservices.co.uk,researched,,,,Wave 4 backlog
Fraser Wood,https://fraser-wood.co.uk/,Walsall,Walsall estate agents since 1845 - relatively current,,residential@fraser-wood.co.uk,researched,,,,Wave 4 backlog
Bury Fabrications,https://buryfabrications.co.uk/,Bury / Greater Manchester,Copyright 2007 still on homepage; Fax still listed on table-layout stainless fabricator site,,chayhoe@buryfabrications.co.uk,draft,2026-08-24,,,Wave 5 draft
The Steel Workshop,https://www.thesteelworkshop.co.uk/,Garston / Liverpool,Copyright 2008 + Fax + Web Design by Koogar on thin steel fabricator homepage,,info@thesteelworkshop.co.uk,draft,2026-08-24,,,Wave 5 draft
Steel Engineers and Fabricators,https://www.steelengineers.co.uk/,Fallowfield / Manchester,Lorem ipsum still under Our Service; casino spam posts in Latest News,,info@steelengineers.co.uk,draft,2026-08-24,,,Wave 5 draft
Inox Fabrications,https://www.inoxfabrications.com/,North West / Manchester area,Sample Case Study block still shows Lorem ipsum dolor sit amet for stainless fabricator,,info@inoxfabrications.com,draft,2026-08-24,,,Wave 5 draft
J T Sawyer & Co,https://www.sawyersboxes.co.uk/,Stockport,Fax still listed; Piccadily and liase typos; IONOS MyWebsite template for est.1849 boxmaker,,web@sawyersboxes.co.uk,draft,2026-08-24,,,Wave 5 draft
Troughton Air Conditioning,https://troughton-aircon.co.uk/contact.html,Urmston / Manchester,Live contact.html still says all rights reserved to My Company - 2002 and lists Fax,,info@troughton-aircon.co.uk,draft,2026-08-24,,,Wave 5 draft
DNL Steel Fabrications,https://dnlsteelfabrications.co.uk/,Liverpool,exiciting / regulataions / buidling / noked typos on project copy,,info@dnlsteelfabrications.co.uk,draft,2026-08-24,,,Wave 5 draft
Platinum Contracts,https://www.platinumcontracts.com/,Bolton,Copyright 2012; Fax still on contact; Preswich / lightning / upmost typos on OPUS2 page,,Info@platinumcontracts.com,draft,2026-08-24,,,Wave 5 draft
MP+H Packaging,https://mphpackaging.com/,Stockport / Greater Manchester,unparralelled typo on medical packaging manufacturer homepage,,hello@mphpackaging.com,draft,2026-08-24,,,Wave 5 draft
Lodge Sheetmetal,https://www.lodgesheetmetal.com/,North West,INSTALLATION/ MAINTAINANCE misspelled in main services nav for est.1985 fabricator,,Info@lodgesheetmetal.co.uk,draft,2026-08-24,,,Wave 5 draft
One Offs Limited,https://www.oneoffslimited.co.uk/,Liverpool,Coronation Park Railings teaser truncated to Des on homepage,,info@oneoffslimited.co.uk,researched,,,,Wave 5 backlog
D&M Windows & Doors,https://dandmwindowsanddoors.co.uk/,Oldham,Copyright 2012 + Created by Web Designer Morgan Feeney still in footer,,sales@dandmwindowsanddoors.co.uk,researched,,,,Wave 5 backlog
Rybro Construction,https://www.rybroconstruction.co.uk/,Moston / Manchester,Lorem ipsum under Why Choose Us; copyright 2014; no public email found,,,researched,,,,Wave 5 backlog - email unclear
P&G Packaging,https://www.pgpackaging.co.uk/,Warrington,Thin brochure site; Web Design by PT Designs credit for filling/capping firm,,info@pgpackaging.co.uk,researched,,,,Wave 5 backlog
J.E.M Sheet Metal,https://www.jem-sheetmetal.co.uk/,Stockport,hibu brochure site for fabricators since 1976 - review quote path,,info@jemsheet.com,researched,,,,Wave 5 backlog
Bradtek Electrical,https://www.bradtekec.co.uk/,Stockport,Industrial electrical - relatively thin pages; review later,,info@bradtek.co.uk,researched,,,,Wave 5 backlog
Moorside Joinery,https://www.moorsidejoinery.co.uk/,Greater Manchester,Joinery manufacturer - review later,,Daniel@moorsidejoinery.co.uk,researched,,,,Wave 5 backlog
Manchester Paper Box,https://manchesterpaperbox.co.uk/,Stockport / Wigan,Family packaging since 1964 - site relatively current,,info@mpbox.co.uk,researched,,,,Wave 5 backlog
Nuttall Packaging,https://nuttall-packaging.co.uk/,Manchester,Corrugated manufacturer since 1920 - relatively current,,enquiry@nuttall-packaging.co.uk,researched,,,,Wave 5 backlog
Kirbys Roofing,https://kirbysroofing.co.uk/,Widnes / Warrington,Family roofers since 1970 - relatively current,,enquiries@kirbysroofing.co.uk,researched,,,,Wave 5 backlog
Gallagher Roofing,https://www.gallagherroofing.co.uk/,Altrincham,Family roofers since 1969 - relatively current,,mail@gallagherroofing.co.uk,researched,,,,Wave 5 backlog
The Print Room,https://www.theprintroom.co.uk/,Bolton,Commercial printers since 2002 - relatively current,,info@theprintroom.co.uk,researched,,,,Wave 5 backlog
OEI Oldham Engineering Installations,https://oei.co.uk/,Oldham,Conveyor installers since 1992 - review later,,sales@oei.co.uk,researched,,,,Wave 5 backlog
TBE Precision Sheet Metal,https://precisionsheetmetal.co.uk/,North West,Family sheet metal since 1970 - relatively current,,sales@t-b-e.co.uk,researched,,,,Wave 5 backlog
Wayland Sheet Metal,https://www.waylandsheetmetal.co.uk/,Bury / Rochdale area,Sheet metal fabricators - relatively current,,sales@waylandsheetmetal.co.uk,researched,,,,Wave 5 backlog
Allen Fabrications,https://allenfabrications.co.uk/,South Kirkby / Yorkshire,"Contact page still publishes Office: Lorem Ipsum, XX, 12345",,sales@allenfabrications.co.uk,draft,2026-08-26,,,Wave 7 draft
A & J Metal Fabrications,https://ajmetalfabrications.co.uk/,Leeds,Lorem ipsum dolor sit amet still mid-homepage for family fabricators,,enquiries@ajmetalfabrications.co.uk,draft,2026-08-26,,,Wave 7 draft
RAWmetalworks,https://rawmetalworks.co.uk/,Bradford,Lorem ipsum in widget; to to providing; requirments typo,,info@rawmetalworks.co.uk,draft,2026-08-26,,,Wave 7 draft
TL Joinery,https://www.woodenwindowssheffield.co.uk/,Sheffield,Lorem Ipsum testimonials still live; maintainance typo,,tljoinery@btconnect.com,draft,2026-08-26,,,Wave 7 draft
Carton Finish,https://cartonfinish.co.uk/,Batley / West Yorkshire,Lorem ipsum still published; facilties and oversees typos,,Info@cartonfinish.co.uk,draft,2026-08-26,,,Wave 7 draft
GMC Fabrication Services,https://gmcfabservices.co.uk/,Pontefract / West Yorkshire,Copyright 2014; live Fax on contact page,,info@gmcfabservices.co.uk,draft,2026-08-26,,,Wave 7 draft
Hanson Fabrications,https://hansonfabrications.co.uk/,Yorkshire,Copyright 2014 still on thin early-2010s brochure site,,dave@hansonfabrications.co.uk,draft,2026-08-26,,,Wave 7 draft
DT Fabs,https://www.designtechfabrications.co.uk/,Cleckheaton / Bradford,Copyright 2018 DT Fabs Ltd still in footer,,sales@dtfabs.co.uk,draft,2026-08-26,,,Wave 7 draft
EPS Huddersfield,https://www.epshuddersfield.co.uk/,Huddersfield,Copyright 2015 still in meta and footer for NICEIC firm,,info@epshuddersfield.co.uk,draft,2026-08-26,,,Wave 7 draft
Mercury Print and Packaging,https://www.mercury-print.co.uk/,Leeds,F: 0113 279 0310 still listed; Tahoma / clearfloat HTML; copyright 2018,,sales@mercury-print.co.uk,draft,2026-08-26,,,Wave 7 draft
Bradford Welding and Sheet Metal,https://www.bwsm.co.uk/,Bradford,Est.1901 Xara-style site; fax still on location.htm,,ja@bwsm.co.uk,researched,,,,Wave 7 backlog
Hart & Clough,https://hartandclough.co.uk/,Cleckheaton / West Yorkshire,Yorksire typo in packaging printing page title,,info@hartandclough.co.uk,researched,,,,Wave 7 backlog
Pro-Fab,https://pro-fab.co.uk/,Pudsey / Leeds,Copyright 2020 Ginger Design credit still in footer,,ben@pro-fab.co.uk,researched,,,,Wave 7 backlog
Laird Electrical,https://lairdelectrical.co.uk/,Leeds,Gallery alt text still says project photos coming soon,,wayne@lairdelectrical.co.uk,researched,,,,Wave 7 backlog
B Fletcher Fabrications,https://b-fletcherfabrications.co.uk/,Bradford,COVID still open for business / government guidelines copy still live,,info@b-fletcherfabrications.co.uk,researched,,,,Wave 7 backlog
Barden & Hall,https://www.bardenandhallltd.co.uk/,Sheffield,Thin Duda-style site for est.1954 building contractors,,bardenandhall@outlook.com,researched,,,,Wave 7 backlog
P J Projects,https://www.fabricationsheffield.com/,Sheffield,Thin brochure site for 60yr sheet metal fabricators,,pjprojectsfabs@gmail.com,researched,,,,Wave 7 backlog
JSJ Structures,https://steelfabricatorsleeds.co.uk/,Leeds,Structural steel since 1997 - relatively current,,info@steelfabricatorsleeds.co.uk,researched,,,,Wave 7 backlog
Garnett Fabrications,https://www.garnettfabrications.co.uk/,Leeds,Family steel fabricators - relatively current,,info@garnettfabrications.co.uk,researched,,,,Wave 7 backlog
Wm Spence,https://wmspence.co.uk/,Bradford,Sheet metal since 1973 - relatively current,,enquiries@wmspence.co.uk,researched,,,,Wave 7 backlog
DJM Sheet Metal,https://djmsheetmetal.co.uk/,Leeds,Ducting / stainless fabricators - review later,,djmsheetmetal@gmail.com,researched,,,,Wave 7 backlog
PC Fabrications,https://www.pcfabrication.co.uk/,Leeds,Laser cutting and fabrication - relatively current,,info@pcfabrication.com,researched,,,,Wave 7 backlog
MK Steelworks,https://www.mksteelworks.co.uk/,Wakefield,Steel fabricators - relatively current,,sales@mksteelworks.co.uk,researched,,,,Wave 7 backlog
Yorkshire Profiles,https://www.yorkshireprofiles.co.uk/,Yorkshire,Profiles / fabrication - relatively current,,sales@yorkshireprofiles.co.uk,researched,,,,Wave 7 backlog
C&S Fabs,https://www.csfabs.co.uk/,Sheffield,Sheet metal fabricators 35yr - relatively current,,info@csfabs.co.uk,researched,,,,Wave 7 backlog
Fabwell Engineering,http://www.fabwelleng.co.uk/,Wrexham,Homepage still says Fabweb Enginering coveres; 20 Years claim despite est.1979; live Fax,,sales@fabwelleng.co.uk,draft,,,,Wave 8 Wales
Ron Bentley & Sons,https://www.bentleyprinters.co.uk/,Wrexham,Copyright 2009 still in footer; live Fax on contact; webpost@ email,,webpost@bentleyprinters.co.uk,draft,,,,Wave 8 Wales
Carston ETL,https://www.cardiffaccountants.co.uk/,Cardiff,Footer / cookies block still ends with Lorem ipsum dolor sit amet,,cardiff@carstonetl.com,draft,,,,Wave 8 Wales
M.E.T. Fabrications,https://www.metfabrications.co.uk/,Maesteg / Bridgend,Copyright 2011-2019; live Fax; Ballustrading typo on homepage,,info@metfabrications.co.uk,draft,,,,Wave 8 Wales
Eventus Engineering,https://www.eventusengineering.co.uk/,Wrexham,Footer still shows Copyright 2035 by Penh,,alice@eventusengineering.co.uk,draft,,,,Wave 8 Wales
Merit Engineering,https://www.meritengineering.co.uk/,Swansea,Hero still spells fabrication as FABIRCATION,,info@meritengineering.co.uk,draft,,,,Wave 8 Wales
Bruce Roberts & Co,https://bruceroberts.co.uk/,Wrexham,Chartered Accounts typo; Making Tax Digital from April 2019 still as current headline; effect/affect,,info@bruceroberts.co.uk,draft,,,,Wave 8 Wales
Carbis Construction Group,https://www.carbis-constructiongroup.co.uk/,South Wales,Homepage still shows FREEE QUOTATIONS,,ashleycarbis@outlook.com,draft,,,,Wave 8 Wales
Metal Fabrication Co. (Cardiff),https://metal-fab.co.uk/,Cardiff,Copyright 2018 still in footer for 60yr+ fabricator,,sales@metal-fab.co.uk,draft,,,,Wave 8 Wales
Cardiff Bay Print,https://www.cardiffprint.co.uk/,Cardiff,Copyright 2018 by Cardiff Bay Print still on Wix footer,,sales@cardiffbayprint.co.uk,draft,,,,Wave 8 Wales
Roberts Electrical NW,https://robertselectricalnw.co.uk/,Rhyl / North Wales,Contact page still says This page is under construction,,info@robertselectricalnw.co.uk,researched,,,,Wave 8 backlog
Bone & Payne,https://www.boneandpayne.co.uk/,Llandudno / Colwyn Bay,Contact still lists Fax (not for service) on both offices,,enquiries@boneandpayne.co.uk,researched,,,,Wave 8 backlog
Spicketts Battrick / SB Lawyers,https://www.spickettsbattrick.co.uk/,Cardiff / Pontypridd,Contact still publishes live Fax lines,,help@sblawyers.co.uk,researched,,,,Wave 8 backlog
W. O. Jones Printers,https://wojones.co.uk/,Llangefni / Anglesey,Copyright 2019 still in footer for 100yr printer,,info@wojprint.co.uk,researched,,,,Wave 8 backlog
G-Fab Welding and Fabrication,https://g-fabweldingandfabrication.co.uk/,Aberdare,Enquiry still via hotmail.co.uk for commercial fabricator,,g-fabwelding@hotmail.co.uk,researched,,,,Wave 8 backlog
Print Metal Fabrication,https://www.printmet.co.uk/,Sully / Cardiff,60yr steel fabricators - relatively current,,info@printmet.co.uk,researched,,,,Wave 8 backlog
Lloyds Fabrications,https://lloydsfabrications.co.uk/,Cardiff area,Steel fabricators - relatively current,,gareth@lloydsfabrications.co.uk,researched,,,,Wave 8 backlog
Alar Engineering,https://alar.co.uk/,Cardiff,Precision sheet metal since 1981 - relatively current,,info@alar.co.uk,researched,,,,Wave 8 backlog
Dragon Engineering,https://dragoneng.co.uk/,Swansea,20k sq ft fabrication - relatively current,,info@dragoneng.co.uk,researched,,,,Wave 8 backlog
Blue Sky Metal Fabrication,https://www.blueskymetalfab.com/,Swansea,Sheet metal / powder coating - relatively current,,sales@blueskymetalfab.com,researched,,,,Wave 8 backlog
Swelco,http://www.swelco.co.uk/,Ammanford / Capel Hendre,Laser bend fabricate division of Altron - relatively current,,swelco@altron.co.uk,researched,,,,Wave 8 backlog
Derwen Joinery,https://derwenjoinery.co.uk/,Wrexham,Bespoke joinery - relatively current,,info@derwenjoinery.co.uk,researched,,,,Wave 8 backlog
RMD Accountancy,https://www.rmdaccountancy.co.uk/,Wrexham,Accountancy / bookkeeping - relatively current,,enquiries@rmdaccountancy.co.uk,researched,,,,Wave 8 backlog
DRH Fabrications,https://drhfabrications.co.uk/,Wrexham,Family fabrications - relatively current,,enquiries@drhfabrications.co.uk,researched,,,,Wave 8 backlog
Engineering Fabrication Limited,https://eflcardiff.co.uk/,Cardiff,Structural steel / EFL - relatively current,,info@eflcardiff.co.uk,researched,,,,Wave 8 backlog
Cheviot Printers,https://cheviotprinters.co.uk/,Newcastle,Homepage still shows French Actualités récentes plus Polish casino / frumzi copy,,info@cheviotprinters.co.uk,draft,,,,Wave 9 North East
Bay Plastics,https://www.bayplastics.co.uk/,North Shields,/contact still throws ASP.NET Server Error with live stack trace,,sales@bayplastics.co.uk,draft,,,,Wave 9 North East
Excalibur Fabrications,http://www.excaliburfabrications.co.uk/,Washington / Sunderland,Copyright 2015; contact still says and or pop in an see us,,info@excaliburfabrications.co.uk,draft,,,,Wave 9 North East
Oneida Plastics,https://oneidaplastics.com/,Seaton Delaval / North Tyneside,Hero still says Exxflow Sytems; contact email misspelled onediaplastics,,info@onediaplastics.co.uk,draft,,,,Wave 9 North East
Impress Group,https://impressltd.co.uk/,Blaydon / Tyne & Wear,+001 234 7890 still next to Request for quote; live Fax in footer,,sales@impressltd.co.uk,draft,,,,Wave 9 North East
Metal Fabrication Systems,http://www.metalfabricationsystems.co.uk/,Hobson / Newcastle,Copyright 2018 still on thin early brochure site,,Enquiries@MetalFabricationSystems.co.uk,draft,,,,Wave 9 North East
Consett Print Services,https://consettprint.co.uk/,Consett / Durham,Copyright 2018; contact address still renders Business Park< Consett,,consettprintservices@outlook.com,draft,,,,Wave 9 North East
Forman Metal Products,https://www.formanmetalproducts.co.uk/,Stockton / Middlesbrough,Enquiry still via btconnect.com; Yell link in top bar,,poverton@btconnect.com,draft,,,,Wave 9 North East
Vaux Fletcher Solicitors,https://vauxfletcher.co.uk/,Middlesbrough,Footer still publishes live Fax F 01642 217 354,,enquiries@vauxfletcher.co.uk,draft,,,,Wave 9 North East
Dacon Fabrications,https://www.daconfab.co.uk/,Gateshead / Team Valley,Live site still loads html5shiv and IE8 CSS (HTML5 UP theme),,sales@daconfab.co.uk,draft,,,,Wave 9 North East
HQ Fabrication,https://www.hqfabrication.co.uk/,South Shields,Thin brochure site for South Shields fabricator,,info@hqfab.co.uk,researched,,,,Wave 9 backlog
CB Construction (Cleveland),https://cbconstructioncleveland.co.uk/,Middlesbrough,Footer still shows COPYRIGHT 2012 - 2026,,enquiries@cbcon-cleveland.co.uk,researched,,,,Wave 9 backlog
Regal Print,https://www.regalprint.co.uk/,Peterlee / Durham,Peterlee printers since 1984 - relatively current Wix,,marco@regalprint.co.uk,researched,,,,Wave 9 backlog
Team Valley Printers,https://www.teamvalleyprinters.co.uk/,Gateshead,Gateshead print / marketing - relatively current,,info@teamvalleyprinters.co.uk,researched,,,,Wave 9 backlog
Whites Print,https://www.whitesprint.co.uk/,Durham,Family printers since 1926 - relatively current,,sales@whitesprint.co.uk,researched,,,,Wave 9 backlog
GK Fabrications,https://gkfabrications.co.uk/,North East,Fabricators - relatively current,,enquiries@gkfabrications.co.uk,researched,,,,Wave 9 backlog
Durham Sheet Metal,https://durhamsheetmetal.co.uk/,South Shields,Sheet metal since 1955 - relatively current,,info@durhamsheetmetal.co.uk,researched,,,,Wave 9 backlog
MorFabrication,https://morfabrication.com/,Newcastle,Steel fabricators - relatively current,,info@morfabrication.com,researched,,,,Wave 9 backlog
RTS Joinery,https://www.rtsjoinery.co.uk/,Stockton-on-Tees,Joinery / shopfitting - relatively current,,enquiries@rtsjoinery.co.uk,researched,,,,Wave 9 backlog
Woodtech Joinery,https://woodtechjoinery.co.uk/,Middlesbrough,Joinery / shopfitting - relatively current,,info@woodtechjoinery.co.uk,researched,,,,Wave 9 backlog
SG Welding & Fabrication,https://sgwelding.co.uk/,Stockton-on-Tees,Welding / fabrication - relatively current,,info@sgwelding.co.uk,researched,,,,Wave 9 backlog
Tremfab,https://tremfab.co.uk/,North East,Architectural fabrication - relatively current,,nick@tremfab.co.uk,researched,,,,Wave 9 backlog
Tyneside Electrical,https://www.tynesideelectrical.co.uk/,Newcastle,Electrical contractors - relatively current,,contact@tynesideelectrical.co.uk,researched,,,,Wave 9 backlog
Donyal Engineering,https://donyal.co.uk/,Stanley / Durham,Engineering - relatively current,,enquiries@donyal.co.uk,researched,,,,Wave 9 backlog
Potts Print (UK),https://www.potts.co.uk/,Cramlington / Northumberland,Large print group - relatively current,,info@potts.co.uk,researched,,,,Wave 9 backlog
Pace Print (Edinburgh),http://www.paceprint.co.uk/,Edinburgh,Flash Shockwave menu still embedded; copy still says now into our 26th year (opened 1986); live Fax; enquiry via btconnect.com,,paceprintltd@btconnect.com,draft,,,,Wave 10 Scotland
Fabtech Aberdeen,https://www.fabtechaberdeenltd.co.uk/,Aberdeen / Ellon,Homepage still says sheet metal guolotine; privacy page misspells Fabtect and publishes info@fabtectaberdeenltd.co.uk,,info@fabtectaberdeenltd.co.uk,draft,,,,Wave 10 Scotland
Marpet Fabrications,https://marpet.co.uk/,Glasgow,Client list still shows Aulds Delicious Deserts; live Fax 0141 641 7118,,info@marpet.co.uk,draft,,,,Wave 10 Scotland
Pro Cut Joinery,https://procutjoinery.co.uk/,Edinburgh,Homepage still asks visitors to turn on Flash player; about page still lists live Fax 0131 478 9390,,info@procutjoinery.co.uk,draft,,,,Wave 10 Scotland
Ironcraft Steel Fabrications,https://www.ironcraft-steel-fabrications.co.uk/,Glasgow / Hillington,Contact still on contactus.asp with live fax line f: 0141-883-3432,,enquiries@ironcraft-steel-fabrications.co.uk,draft,,,,Wave 10 Scotland
Mackinnon Slater,https://www.mackinnonslater.co.uk/,Edinburgh,Live site still tells visitors to turn on Flash player plugin,,info@mackinnonslater.co.uk,draft,,,,Wave 10 Scotland
W T Scott and Partners,https://www.wtscottandpartners.co.uk/,Cumbernauld / Glasgow,Homepage still shows Please turn on your Flash player plugin message,,enquiries@wtscottandpartners.co.uk,draft,,,,Wave 10 Scotland
C&M Environmental,https://www.cmenvironmental.co.uk/,Glasgow,Contact page still publishes live Fax 0141 336 5559,,info@cmenvironmental.co.uk,draft,,,,Wave 10 Scotland
Buchanan Macleod,http://www.buchananmacleod.co.uk/,Glasgow,Site still loads html5shiv and publishes live Fax +44 (0)141 221 2343,,mail@buchananmacleod.co.uk,draft,,,,Wave 10 Scotland
David Smith (Fabricators),https://www.davidsmithfabricators.co.uk/,Paisley / Glasgow,Footer still lists live Fax 0141 889 0684 beside gmail enquiry address,,davidsmith.fabsltd@gmail.com,draft,,,,Wave 10 Scotland
Neilsons Joinery Superstore,https://www.neilsonsjs.co.uk/,Glasgow,Live Fax 0141 336 4330; homepage specials strip still says Coming soon...,,sales@neilsonsjs.co.uk,researched,,,,Wave 10 backlog
Central Air Conditioning,https://www.centralairconditioning.co.uk/,East Kilbride / Glasgow,Footer still locked on Copyright 2017,,info@centralairconditioning.co.uk,researched,,,,Wave 10 backlog
Cairnhill Structures,https://www.cairnhillstructures.co.uk/,Coatbridge / North Lanarkshire,Contact page still publishes live Fax 01236 449 334,,enquiries@cairnhillstructures.co.uk,researched,,,,Wave 10 backlog
inbrass,https://www.inbrass.co.uk/,Edinburgh,Live catalogue site still loads html5shiv; footer Copyright 2014,,sales@inbrass.co.uk,researched,,,,Wave 10 backlog
Calder Engineering,https://www.calderengineering.co.uk/,Thurso / Scrabster,Contact pages still publish live Fax +44 (0)1847 892345,,admin@calderengineering.co.uk,researched,,,,Wave 10 backlog
Safab,https://www.safab.co.uk/,Glasgow,Contact page still lists live Fax 0141 954 2229,,sales@safab.co.uk,researched,,,,Wave 10 backlog
Roof Edge Fabrications,https://www.roofedge.co.uk/,Glasgow,Site still loads html5shiv and shows Copyright 2014 after 2020 APS merge notice,,brian@apssafetysystems.com,researched,,,,Wave 10 backlog
Sonic Stainless,https://www.sonicstainless.co.uk/,Glasgow,Stainless fabrication - relatively current,,contact@sonicstainless.co.uk,researched,,,,Wave 10 backlog
Robertson Bros Engineering,https://www.robertsonbros.co.uk/,Haddington / East Lothian,Welding / fabrication - relatively current,,info@robertsonbros.co.uk,researched,,,,Wave 10 backlog
Glen-Fab,https://www.glen-fab.co.uk/,Scotland,Fabrication - relatively current Wix,,info@glen-fab.co.uk,researched,,,,Wave 10 backlog
Had-Fab,https://hadfab.co.uk/,Tranent / East Lothian,Metal structure engineering - relatively current,,sales@hadfabltd.co.uk,researched,,,,Wave 10 backlog
Excel Steel Services,https://excelsteelservices.co.uk/,Dunbar / Edinburgh fringe,Steel fabricators - relatively current,,sales@excelsteel.co.uk,researched,,,,Wave 10 backlog
AD Metal Fabrications,https://www.admetalfabrications.co.uk/,Livingston,Metalworkers / structural steel - relatively current,,enquiries@admetalfabrications.co.uk,researched,,,,Wave 10 backlog
Aberdeen Sheet Metal,https://aberdeensheetmetal.com/,Westhill / Aberdeen,Sheet metal / HVAC ductwork - relatively current,,info@aberdeensheetmetal.com,researched,,,,Wave 10 backlog
EVM,https://www.evm.co.uk/,Glasgow,Joinery / signage / large format - relatively current,,sales@evm.co.uk,researched,,,,Wave 10 backlog
GB Engineering,http://www.gb-engineering.co.uk/,Derry / Maydown,Homepage still says NEW Inhouse Lazer Cutting Facility; live Fax 028 7186 1100 on table/font layout,,info@gb-engineering.co.uk,draft,,,,Wave 11 NI
Coates Engineering,http://www.coates-engineering.co.uk/,Bangor / Co Down,Live Fax 028 9147 0652; nested font tags and table layout still live,,sales@coates-engineering.co.uk,draft,,,,Wave 11 NI
GPS Colour Graphics,https://gpscolour.co.uk/,Belfast,Site still loads html5shiv from googlecode SVN trunk for IE,,sales@gpscolour.co.uk,draft,,,,Wave 11 NI
Balcas,https://balcas.com/,Enniskillen,Site still loads html5shiv; contact still publishes live Fax +44 (0) 28 6632 4082,,info@balcas.com,draft,,,,Wave 11 NI
Boxpak,https://www.boxpak.co.uk/,Newtownabbey / Belfast,Contact strip still lists live Fax 028 9086 6731,,info@boxpak.co.uk,draft,,,,Wave 11 NI
Mash Direct,https://www.mashdirect.com/,Comber,Footer and contact still publish live Fax +44 (0) 28 9187 0628,,enquiries@mashdirect.com,draft,,,,Wave 11 NI
Beggs & Partners,https://www.beggsandpartners.com/,Belfast,Live site still loads IE8 html5shiv shim,,tradesalesbelfast@beggsandpartners.com,draft,,,,Wave 11 NI
McKibbin Commercial,https://www.mckibbin.co.uk/,Belfast,Site still loads html5shiv for IE8 and below,,property@mckibbin.co.uk,draft,,,,Wave 11 NI
Pinpoint Property,https://www.pinpointproperty.com/,Belfast,Site still loads /js/html5shiv.js behind IE conditional,,contact@pinpointproperty.com,draft,,,,Wave 11 NI
Simon Brien,https://www.simonbrien.com/,Belfast,Site still loads /js/html5shiv.js for old Internet Explorer,,southbelfast@simonbrien.com,draft,,,,Wave 11 NI
Wright Engineering,https://www.wrightengineering.co.uk/,Magherafelt,Footer still locked on Copyright 2015; site still loads googlecode html5shiv,,,researched,,,,Wave 11 backlog
Belfast Foiling,https://www.belfastfoiling.com/,Newtownabbey,Live pages still use legacy font markup for a print finisher,,info@belfastfoiling.com,researched,,,,Wave 11 backlog
Clandeboye Estate,https://www.clandeboye.co.uk/,Bangor,Site still loads html5shiv printshiv from CDN,,mail@clandeboye.co.uk,researched,,,,Wave 11 backlog
Templeton Robinson,https://www.templetonrobinson.com/,Belfast,Site still loads /js/html5shiv.js; form-only contact,,,researched,,,,Wave 11 backlog
Miles-Ash Limited,https://www.miles-ashlimited.co.uk/,Newtownabbey,HVAC / ductwork - relatively current,,enquiries@milesash.com,researched,,,,Wave 11 backlog
GAE Ltd,https://gaeltd.co.uk/,Newtownards,Stainless fabrication - relatively current,,info@gaeltd.co.uk,researched,,,,Wave 11 backlog
Print Tec,https://www.printtecni.com/,Newtownabbey,Commercial printers - relatively current,,john@printtec.org.uk,researched,,,,Wave 11 backlog
ESL Engineering,https://www.eslengineering.co.uk/,Coleraine,Engineering specialists - relatively current,,sales@eslengineering.co.uk,researched,,,,Wave 11 backlog
Artizan Fabrications,https://www.artizanfabrications.com/,Northern Ireland,Metal fabrication - relatively current,,info@artizanfabrications.com,researched,,,,Wave 11 backlog
Larne Engineering,https://www.larneengineering.com/,Larne,Engineering / fabrication - relatively current,,info@larneengineering.com,researched,,,,Wave 11 backlog
Metalcraft Engineering,https://www.metalcrafteng.com/,Belfast,Steel / waterjet - relatively current,,info@metalcrafteng.com,researched,,,,Wave 11 backlog
Techfab Engineering,https://www.techfabengineering.com/,Belfast,Sheet metal fabrication - relatively current,,info@techfabengineering.com,researched,,,,Wave 11 backlog
Hamilton Metal Forming,https://www.hamiltonmetalforming.com/,Cookstown,Roofing / cladding pressings - relatively current,,sales@hamiltonmetalforming.com,researched,,,,Wave 11 backlog
Print Direct NI,https://www.printdirectni.com/,Belfast,Commercial printing - relatively current,,hello@printdirectni.com,researched,,,,Wave 11 backlog
Print NI,https://www.printni.com/,Northern Ireland,Printers - relatively current,,Stephen@printni.com,researched,,,,Wave 11 backlog
BD&H Printers,http://www.bdandh.co.uk/,Norwich,©2012 + live Fax 01603 630186 + Dreamweaver MM_swapImage table layout,,sales@bdandh.co.uk,draft,,,,Wave 12 East Anglia / Home Counties
Total Fabrications,http://www.totalsteelfabrication.co.uk/,Thetford / Norfolk,HTML 4.01 Transitional single-page table brochure; btconnect email,David Whyte,whyte_david@btconnect.com,draft,,,,Wave 12 East Anglia / Home Counties
J D Easton Accountants,http://jdeastonaccountants.co.uk/,Barford / Norwich,Absolute-position early-2010s builder UI + live Fax 01603 759736 + fsnet mailbox,John Easton,john@jdeastonaccountants.co.uk,draft,,,,Wave 12 East Anglia / Home Counties
DSM Fabrication,https://www.dsmfab.co.uk/,Wendover Dean / Aylesbury,Live FAX 01296 625638 in header and footer contact strip,,steel@dsmfab.co.uk,draft,,,,Wave 12 East Anglia / Home Counties
KH Construction,http://www.khconstruction.co.uk/,Cambridge,js/html5shiv.js still loaded for IE8 plus IE-only slider assets,Ian Kingsley,iankingsley@khconstruction.info,draft,,,,Wave 12 East Anglia / Home Counties
MT Perry Engineering,http://www.perryfabs.co.uk/,Maidenhead / Berkshire,Live Fax 01628 638 375 still published on every page footer,,sales@perryfabs.co.uk,draft,,,,Wave 12 East Anglia / Home Counties
Jenkins Engineering,https://www.jenkins-engineering.co.uk/,Maidenhead / Berkshire,Live Fax 01628 776 648 still listed beside phone and email,,info@jenkins-engineering.co.uk,draft,,,,Wave 12 East Anglia / Home Counties
Active Engineering,https://www.active-engineering.co.uk/,Marlow / Buckinghamshire,Live Fax 01628 488221 still on the contact block,,sales@active-engineering.co.uk,draft,,,,Wave 12 East Anglia / Home Counties
Anglia Print,https://www.angliaprint.co.uk/,Norwich / Beccles,html5shiv + respond.js still loaded (even wired as stylesheet IDs),,info@angliaprint.co.uk,draft,,,,Wave 12 East Anglia / Home Counties
Arc Fabrications,https://www.steel-fabrications-norfolk.co.uk/,King's Lynn / Norfolk,IE8 html5shiv + Respond.js still loaded from oss.maxcdn,,enquiries@arc-fabs.com,draft,,,,Wave 12 East Anglia / Home Counties
Steven R Francis & Co,http://www.srfrancis.co.uk/,Stowmarket / Suffolk,Live Fax 01449 770 190 still on contact strip,,administration@srfrancis.co.uk,researched,,,,Wave 12 backlog
Norton Peskett,https://nortonandpeskett.co.uk/,Lowestoft / Great Yarmouth / Norfolk,©2015 legacy site still publishes Fax on every branch block,,enquire.lowestoft@nortonpeskett.co.uk,researched,,,,Wave 12 backlog; also nortonpeskett.co.uk modern twin
Milton Keynes Pressings,https://mkp.co.uk/,Milton Keynes / Bletchley,Live Fax +44 (0) 1908 648906 still in footer contact,,sales@mkp.co.uk,researched,,,,Wave 12 backlog
Berkshire Accountants,https://berkshireaccountants.com/,Reading,Footer still reads Copyright 2010 - 2020,,info@berkshireaccountants.com,researched,,,,Wave 12 backlog
Plastics Fabrication & Printing,https://www.plasticsfabrication.co.uk/,Milton Keynes,Footer copyright still starts All material © 2003,,sales@plastics-fabrication.co.uk,researched,,,,Wave 12 backlog
Adhesive Dispensing,https://kitpackers.co.uk/assist.htm,Milton Keynes,Dreamweaver-era MM_swapImage assist page + Fax Sales + Copyright 2005,,support@adhesivedispensers.co.uk,researched,,,,Wave 12 backlog; adhesivedispensing.co.uk twin
Multifab,https://multifab.co.uk/,Peterborough,IE9 conditional html class still wrapping the live theme,,enquiries@multifab-eng.co.uk,researched,,,,Wave 12 backlog
Eurotech Precision Engineering,http://www.eurotecheng.co.uk/,King's Lynn,Footer still locked on Copyright 2017,,sales@eurotecheng.co.uk,researched,,,,Wave 12 backlog
Elite Building Services,https://www.elitebuildingservices.co.uk/,Cambridge,Homepage still leads with CORGI REGISTERED wording for gas work,Andy Baxter,andy@elitebuildingservices.co.uk,researched,,,,Wave 12 backlog
KBN Accountants,https://www.kbnaccountants.co.uk/,Reading,Early Bootstrap single-page template with thin content for a chartered firm,,info@kbnaccountants.co.uk,researched,,,,Wave 12 backlog
C3 Engineering,https://www.c3engineering.co.uk/,Norfolk,IE lt-IE9 / IE9 conditional comments still on the live HTML shell,,sales@c3engineering.co.uk,researched,,,,Wave 12 backlog
TCF Sheet Metal,https://tcfsheetmetal.co.uk/,Besthorpe / Norfolk,Trade fabricator site - relatively current Divi build,,info@tcfsheetmetal.co.uk,researched,,,,Wave 12 backlog
Alpha Sheetmetal,https://www.alphasheetmetal.com/,Norwich,IE conditional comment still in Astra theme head,,sales@alphasheetmetal.com,researched,,,,Wave 12 backlog
K. Rackham & Son Engineering,https://rackhamengineering.co.uk/,Norwich,Long-standing Norwich fabricator - relatively current WordPress,,sales@rackhamengineering.co.uk,researched,,,,Wave 12 backlog
Dale Sheetmetal,https://www.dalesheetmetal.co.uk/,King's Lynn,King's Lynn food-sector sheet metal - relatively current,,info@dalesheetmetal.com,researched,,,,Wave 12 backlog
NKF Metals,http://www.webfantastic.co.uk/nkf/,Erith / Kent,Live table/font brochure site; FAX 020 8310 2204 + btinternet mailbox,,john@nkfmetals.com,draft,,,,Wave 13 South Coast / Kent / Sussex
A&S Tooling,https://astooling.co.uk/,Bognor Regis / West Sussex,Live Fax +44 (1243) 849100 still published beside phone on font-tag pages,,sales@astooling.co.uk,draft,,,,Wave 13 South Coast / Kent / Sussex
Style Accountants,http://www.styleaccountants.co.uk/,Southwick / Brighton,Live Fax 01273 595545 on a font-tag table homepage for ACCA firm,Adam Style,adam@styleaccountants.co.uk,draft,,,,Wave 13 South Coast / Kent / Sussex
Tew Bros,https://www.tewbros.net/,Southampton / Hampshire,Legacy portal still lists Fax 023 80438809 + Copyright 2016 + font markup (modern twin at tewbros.com),,helpdesk@tewbros.com,draft,,,,Wave 13 South Coast / Kent / Sussex
Selsey Press,https://selseypress.co.uk/,Selsey / Chichester,html5shiv + respond.js still loaded behind IE conditional comments,,sales@selseypress.co.uk,draft,,,,Wave 13 South Coast / Kent / Sussex
Lasertech Engineering,https://www.lasertechengineering.co.uk/,Storrington / West Sussex,Live Fax number 01903 746363 still published on the homepage contact block,,info@lasertechengineering.co.uk,draft,,,,Wave 13 South Coast / Kent / Sussex
Laddingford Engineering,https://www.laddeng.co.uk/,Laddingford / Maidstone,Live Facsimile (01622) 872736 still on contact and footer strips,,info@laddeng.co.uk,draft,,,,Wave 13 South Coast / Kent / Sussex
M J Raven & Son,https://www.mjraven.co.uk/,Broadstairs / Kent,Live FAX +44 (0) 1843 866070 still on the homepage contact block,,sales@mjraven.co.uk,draft,,,,Wave 13 South Coast / Kent / Sussex
SBS Accountants,https://www.sbsaccountants.co.uk/,Portsmouth / Southampton,Contact pages still publish Fax 02392 816680 / 02380 337728; mailbox is aol.com,,sbsacc@aol.com,draft,,,,Wave 13 South Coast / Kent / Sussex
Berry and Lamberts,https://www.berryandlamberts.co.uk/,Tunbridge Wells / Sevenoaks / Paddock Wood,Every branch block still lists live FAX (01892 511223 / 01732 740258 / 01892 836902),,enquiries@berryandlamberts.co.uk,draft,,,,Wave 13 South Coast / Kent / Sussex
Glenwood Developments,http://www.glenwooduk.com/,Southampton / Woolston,©2008 + Dreamweaver MM_swapImage still on live land-based pages; form-only contact,,,researched,,,,Wave 13 backlog
SGE (Seal) Ltd,https://www.sgeseal.com/,Seal / Sevenoaks,Live Fax/Facsimile 01732 761422 + html5shiv IE conditionals; no public sales email,,,researched,,,,Wave 13 backlog
Clarkes Mechanical,https://www.clarkesmechanical.com/,Isle of Wight / Solent,Live Fax 01983 298472 on company pages; early-2010s HTML shell,,form@clarkesmechanical.co.uk,researched,,,,Wave 13 backlog
CL Fabrications,https://www.clfabs.co.uk/,Sittingbourne / Medway,Bootstrap stack still loads html5shiv.min.js for old IE,,clare@clfabs.co.uk,researched,,,,Wave 13 backlog
Solent Engineering,https://solentengineering.co.uk/,Billingshurst / West Sussex,Live site still loads html5shiv.js behind IE conditional,,info@solentengineering.com,researched,,,,Wave 13 backlog
Formet Fabrications,https://formetfab.com/,Littlehampton / West Sussex,Footer copyright still locked on Copyright (c) 2015,,sales@formetfab.com,researched,,,,Wave 13 backlog
Island Metalworks,https://islandmetalworksltd.co.uk/,Crawley / West Sussex,Footer copyright still locked on Copyright (c) 2015,,enquiries@islandmetalworksltd.co.uk,researched,,,,Wave 13 backlog
Lakeside Printing,https://lakesideprinting.co.uk/,Tonbridge / Kent,Copyright (c) 2015 still in theme plus lt IE conditional comments,,sales@lakesideprinting.co.uk,researched,,,,Wave 13 backlog
Colbridge Engineering,https://www.colbridge.co.uk/,Crawley / West Sussex,Homepage still claims full ISO 9001:2000 accreditation wording,,sales@colbridge.co.uk,researched,,,,Wave 13 backlog
Stevens & Carlotti,https://www.stevens-and-carlotti.co.uk/,Sandwich / Kent,IE conditional comments still in the live HTML shell,,sales@stevens-and-carlotti.co.uk,researched,,,,Wave 13 backlog
Sussex Engineering,https://www.sussexengineering.co.uk/,Sussex,IE lt IE conditional comments still on the live HTML shell,,info@sussexengineering.co.uk,researched,,,,Wave 13 backlog
Trimline,https://www.trimline.co.uk/,Whiteley / Hampshire,Marine outfitting site still loads /js/html5shiv.js for old IE,,enquiries@trimline.co.uk,researched,,,,Wave 13 backlog
Epic Printing,https://www.epicprinting.co.uk/,Crawley / West Sussex,Homepage still leads with Coming soon for a long-established litho printer,,,researched,,,,Wave 13 backlog
Twenty Four Hour Engineering,https://www.24hreng.co.uk/,Rochester / Medway,Medway architectural metalwork / fabrication - relatively current,,info@24hreng.co.uk,researched,,,,Wave 13 backlog
Motis Estates,https://www.motis-estates.com/,Folkestone / Kent,Long-standing Folkestone estate agents - relatively current,,sales@motis-estates.com,researched,,,,Wave 13 backlog
Adnor,https://adnor.co.uk/,Kingston / Surrey,Live Fax +44 (0) 208 549 8989 + html5shiv IE conditionals + Copyright 2014,,sales@adnor.co.uk,draft,,,,Wave 14 Surrey / Guildford / Reigate
Bunce Sheet Metal,https://buncesheetmetal.co.uk/,Egham / Surrey,Live Tel/Fax 01784 433 556 + Copyright 2010 on static HTML shopfront,,sales@buncesheetmetal.co.uk,draft,,,,Wave 14 Surrey / Guildford / Reigate
RGA Accounting,https://www.rgaaccounting.co.uk/,South Nutfield / Surrey,Live Fax 01737 821500 on contact page + dedicated IE6 stylesheet,Ross Anderson,ross@rgaaccounting.co.uk,draft,,,,Wave 14 Surrey / Guildford / Reigate
Elgee Pinks,https://www.elgeepinks.co.uk/,Reigate / Surrey,Live Fax 01737 247297 still published on the contact block,,info@elgeepinks.com,draft,,,,Wave 14 Surrey / Guildford / Reigate
EKA Services,https://www.ekaservices.co.uk/,East Molesey / Surrey,html5shiv still loaded behind IE conditional comments,,sales@ekaservices.co.uk,draft,,,,Wave 14 Surrey / Guildford / Reigate
Print Reigate,https://www.printreigate.co.uk/,Reigate / Surrey,Early PHP brochure site still uses live font-tag navigation links,,info@printreigate.co.uk,draft,,,,Wave 14 Surrey / Guildford / Reigate
RJP,https://rjp.co.uk/,Surrey / London,html5shiv still pulled from googlecode trunk behind IE conditionals,,partners@rjp.co.uk,draft,,,,Wave 14 Surrey / Guildford / Reigate
Peasmarsh Joinery,https://www.peasmarshjoinery.co.uk/,Guildford / Surrey,hibu directory template still live with icloud.com mailbox,,peasmarshjoinery@icloud.com,draft,,,,Wave 14 Surrey / Guildford / Reigate
Expert Attorney,https://expertattorney.co.uk/,Surrey,IE6/IE7/IE8 oldie conditional comments still on the live HTML shell,Archana Jain,enquiries@expertattorney.co.uk,draft,,,,Wave 14 Surrey / Guildford / Reigate
Stag Print,https://www.stagprint.co.uk/,Guildford / Surrey,Avada IE stylesheet still loaded behind an Internet Explorer conditional,,info@stagprint.co.uk,draft,,,,Wave 14 Surrey / Guildford / Reigate
Sheet-Tech Fabrications,https://www.sheet-techfab.co.uk/,Camberley / Surrey,Live fax 01276 20696 still on the contact block; form-only contact,,,researched,,,,Wave 14 backlog
Huggins Edwards & Sharp,https://www.hugginsedwards.co.uk/,Surrey (Leatherhead / Epsom / Ashtead),html5shiv + IE conditionals still on the live estate-agent shell; no public sales email,,,researched,,,,Wave 14 backlog
Reigate Ductwork,https://www.reigateductwork.com/,Reigate / Surrey,Reigate ductwork manufacturing - relatively current,,info@reigateductwork.com,researched,,,,Wave 14 backlog
GDK Air Conditioning,https://gdkltd.co.uk/,Guildford / Surrey,Guildford HVAC since 1991 - relatively current,,sales@gdkltd.co.uk,researched,,,,Wave 14 backlog
Create-This,https://create-this.co.uk/,Camberley / Surrey,Camberley bespoke packaging - relatively current,,helpus@create-this.co.uk,researched,,,,Wave 14 backlog
J.E.F Fabrications,https://www.jeffabrications.co.uk/,Farnham / Surrey,Farnham steel fabrication - relatively current,,info@jeffabrications.co.uk,researched,,,,Wave 14 backlog
LGM Engineering,https://www.lgmengineering.co.uk/,Epsom / Surrey,Epsom laser cutting / sheet metal - relatively current,,info@lgm-eng.co.uk,researched,,,,Wave 14 backlog
Advent Design and Support,https://adventds.com/,Guildford / Surrey,Guildford ductwork / ventilation - relatively current,,office@adventds.com,researched,,,,Wave 14 backlog
Cherrill Print,https://cherrillprint.co.uk/,Surrey / Croydon fringe,Surrey print shop - relatively current,,info@cherrillprint.co.uk,researched,,,,Wave 14 backlog
BTU Supplies,https://btu-supplies.co.uk/,Guildford / Surrey,Guildford heating / cooling trade supplies - relatively current,,sales@btu-supplies.co.uk,researched,,,,Wave 14 backlog
BEW Electrical,https://www.bew-elec.co.uk/location/guildford/,Guildford / Surrey,Guildford electrical wholesaler - relatively current,,guildford@bew-elec.co.uk,researched,,,,Wave 14 backlog
Wilson Electrical,https://wilsonelectrical.co.uk/branches/guildford,Guildford / Surrey,Guildford electrical wholesaler - relatively current,,guildford@wilsonelectrical.com,researched,,,,Wave 14 backlog
Halliday Styan,https://www.hallidaystyan.co.uk/,Surrey,Surrey chartered accountants - relatively current,,contact@hallidaystyan.co.uk,researched,,,,Wave 14 backlog
TWM Solicitors,https://twmsolicitors.com/,Guildford / Leatherhead / Epsom,Surrey multi-office solicitors - relatively current,,info@twmsolicitors.com,researched,,,,Wave 14 backlog
ECJ Joinery,http://www.ecjcarpentryandjoinery.com/,Tadworth / Surrey,Tadworth bespoke joinery - relatively current,,enquiries@ecjjoinery.co.uk,researched,,,,Wave 14 backlog
A&G Structures,https://www.aandgstructures.co.uk/,Bracknell / Berkshire,Live Fax 01344 411359 still published beside Tel on the Bracknell steelwork site,,enquiries@aandgstructures.co.uk,draft,,,,Wave 15 Berkshire / Reading / Slough
JC Engineering Products,https://www.jceng.co.uk/,Reading / Berkshire,Live Fax 0118 950 4018 still listed on every page footer,,sales@jceng.co.uk,draft,,,,Wave 15 Berkshire / Reading / Slough
Fairbrother & Darlow,https://www.fairbrotherdarlow.co.uk/,Bracknell / Berkshire,Live Fax 01344 310 840 still published on the contact strip,,info@fairbrotherdarlow.co.uk,draft,,,,Wave 15 Berkshire / Reading / Slough
THP Solicitors,https://thpsolicitors.co.uk/,Reading / Berkshire,Live Fax 0118 975 6588 still listed on the contact page,,office@thpsolicitors.co.uk,draft,,,,Wave 15 Berkshire / Reading / Slough
Kidd Rapinet,https://www.kiddrapinet.co.uk/our-offices/solicitors-in-slough/,Slough / Berkshire,Live Fax 01753 820501 still published on the Slough office page,Cyrus Medora,CMedora@kiddrapinet.co.uk,draft,,,,Wave 15 Berkshire / Reading / Slough
Connect ACR Supplies,https://acrconnect.com/,Newbury / Berkshire,html5shiv + respond.js still loaded behind IE lt 9 conditionals,,sales@acrconnect.com,draft,,,,Wave 15 Berkshire / Reading / Slough
Aim Sheet Metal,https://www.aimsheetmetal.co.uk/,Newbury / Berkshire,html5shiv-printshiv still loaded behind IE lt 9 conditionals,Andrew,andrew@aimsheetmetal.co.uk,draft,,,,Wave 15 Berkshire / Reading / Slough
Andrews Estate Agents,https://www.andrewsonline.co.uk/,Reading / Berkshire,html5shiv + respond.js still loaded behind IE lt 9 conditionals,,hello@andrewsonline.co.uk,draft,,,,Wave 15 Berkshire / Reading / Slough
Construct For Less,https://constructforless.co.uk/,Windsor / Berkshire,html5shiv still loaded behind IE lt 9 conditionals,Candyce,sales@constructforless.co.uk,draft,,,,Wave 15 Berkshire / Reading / Slough
Neal Brothers,https://nealbrothers.co.uk/,Silchester / Reading,IE 6 / 7 / 8 conditional comments still on the live packaging site shell,,sales.reading@nealbrothers.co.uk,draft,,,,Wave 15 Berkshire / Reading / Slough
Quantum Accountancy,https://quantumaccountancy.co.uk/,Slough / Berkshire,Live Fax 01753 521671 on contact page; email field blank / form-only,,,researched,,,,Wave 15 backlog
Field Seymour Parkes,https://www.fsp-law.com/,Reading / Berkshire,IE lt 7 conditional still on the live HTML shell,,enquiry@fsp-law.com,researched,,,,Wave 15 backlog
Blandy & Blandy,https://www.blandy.co.uk/,Reading / Berkshire,IE lt 9 conditional still on the live solicitors shell,,law@blandy.co.uk,researched,,,,Wave 15 backlog
Gardner Leader,https://www.gardner-leader.co.uk/,Newbury / Berkshire,html5shiv + IE conditional still on the live solicitors shell; form-led contact,,,researched,,,,Wave 15 backlog
Bruno Boulay,https://brunoboulay.co.uk/,Wokingham / Berkshire,IE 9 conditional comment still on the live joinery shell,,bruno@brunoboulay.co.uk,researched,,,,Wave 15 backlog
Reading Industrial Roofing,https://www.readingroof.co.uk/,Reading / Berkshire,Footer still reads Copyright 2008-2021,,info@readingroof.co.uk,researched,,,,Wave 15 backlog
Advantage PrintRoom,https://www.advantageprintroom.co.uk/,Bracknell / Berkshire,Bracknell print room - relatively current (Yell listing embeds only),,sales@advantageprintroom.co.uk,researched,,,,Wave 15 backlog
LDJ Sheet Metal,https://ldjmetal.co.uk/,Reading / Berkshire,Reading laser / sheet metal - relatively current,,sales@ldjmetal.co.uk,researched,,,,Wave 15 backlog
Arben Precision Sheet Metal,https://arben.co.uk/,Wokingham / Berkshire,Wokingham precision sheet metal - relatively current,,sales@arben.co.uk,researched,,,,Wave 15 backlog
J&R Fabrications,https://www.jandrfabsltd.co.uk/,Wokingham / Berkshire,Wokingham metalwork fabricators - relatively current,,info@jandrfabsltd.co.uk,researched,,,,Wave 15 backlog
Holt Broadcast Services,https://www.holtbroadcast.co.uk/,Reading / Berkshire,Reading precision sheet metal - relatively current,,info@holtbroadcast.co.uk,researched,,,,Wave 15 backlog
Packaging Supplies Ltd,https://www.pack-supplies.co.uk/,Thatcham / Berkshire,Thatcham packaging supplies - relatively current,,sales@pack-supplies.co.uk,researched,,,,Wave 15 backlog
Swiftpak,https://www.swiftpak.co.uk/,Reading / Berkshire,Reading wholesale packaging - relatively current,,sales@swiftpak.co.uk,researched,,,,Wave 15 backlog
Air Ducts Southern,https://airductssouthern.com/,Berkshire,Berkshire ductwork manufacturing - relatively current,,mail@airductssouthern.com,researched,,,,Wave 15 backlog
Benville and Marsh,https://www.benvilleandmarsh.co.uk/,Bracknell / Berkshire,Berkshire electrical contractor - relatively current,,info@benvilleandmarsh.co.uk,researched,,,,Wave 15 backlog
Adlard Print,https://www.adlardprint.com/,Ruddington / Nottingham,Dreamweaver MM_swapImage rollovers still on contact page; live Fax 0115 945 6474,,info@adlardprint.com,draft,,,,Wave 17 East Midlands
M&G Joiners,http://www.mandgjoinery.co.uk/,Leicester,Dreamweaver MM_swapImage XHTML brochure; live Fax 0560 116 3400 on contact,,info@mandgjoinery.co.uk,draft,,,,Wave 17 East Midlands
Designer Metals,https://designer-metals.co.uk/,Leicester,IE6/7/8 conditionals + respond.js; live Fax 0116 326 6060,,sales@designer-metals.co.uk,draft,,,,Wave 17 East Midlands
Microset Products,https://www.microset.co.uk/,Hinckley / Leicestershire,googlecode html5shiv + IE6/7/8 conditionals; live Fax +44 (0) 1455 613287,,uk@socomore.com,draft,,,,Wave 17 East Midlands
Seths Estate Agents,https://www.seths.co.uk/,Leicester,css3-mediaqueries.js still loaded from googlecode SVN behind IE lt 9,,sales@seths.co.uk,draft,,,,Wave 17 East Midlands
Full Metal Fabrications,http://www.fullmetalfabs.co.uk/,Oadby / Leicester,Live Fax 0116 2716210 on contact page for HVAC ductwork fabricator,,sales@fullmetalfabs.co.uk,draft,,,,Wave 17 East Midlands
PAR Fabrication Engineers,https://www.parjacks.co.uk/,Nottingham,html5shiv.js behind IE lt 9; live FAX 0115 940 0714 on Colwick footer,,info@parjacks.com,draft,,,,Wave 17 East Midlands
Conley Ward,http://www.conleyward.com/,Syston / Leicestershire,Live FAX 0116 260 0041 in header table; Copyright 2014 on Joomla shell,,tax@conleyward.com,draft,,,,Wave 17 East Midlands
Davpack,https://www.davpack.co.uk/,Derby,XHTML 1.0 Transitional doctype still live; Fax 01332 821209 in header,,sales@davpack.co.uk,draft,,,,Wave 17 East Midlands
Dalta Manufacturing,https://www.dalta.co.uk/,Leicester,Live Fax (0116) 276 0818; lte IE 7/8 conditionals still on live shell,,office@dalta.co.uk,draft,,,,Wave 17 East Midlands
F.B. Ross & Co,http://www.fbrossandcoltd.co.uk/,Blaby / Leicester,Live Fax 0116 2779986 on every page footer,,scott.hunt@fbross.co.uk,researched,,,,Wave 17 East Midlands - electrical contractor
Timms Solicitors,https://www.timms-law.com/,Derby / Ashby / Burton / Swadlincote,Live Fax on all four Midlands office blocks (Derby Fax 01332 293510),,legal@timms-law.com,researched,,,,Wave 17 East Midlands
The Packaging Company,https://thepackagingcompany.co.uk/,Leicester,Live Fax 0116 2313344 on homepage and contact,,sales@thepackagingcompany.co.uk,researched,,,,Wave 17 East Midlands
Shapcotts Accountants,https://www.shapcotts-accountants.co.uk/,Derby,Live Fax 01332 662758 on contact strip,,admin@shapcotts-accountants.co.uk,researched,,,,Wave 17 East Midlands
Rich & Carr,https://richandcarr.co.uk/leicester/,Leicester,Live FAX 0116 253 7427 on Leicester office page,,enquiries@richandcarr.co.uk,researched,,,,Wave 17 East Midlands
Trinity Engineering,https://www.steelfabricatorsnorthampton.co.uk/,Northampton,Schema faxNumber 01604 716660 still published beside phone,,elaine@trinityengnorth.co.uk,researched,,,,Wave 17 East Midlands
Lesta Packaging,https://www.lesta.co.uk/,Leicester,Live Fax 0116 262 4448 beside Tel 0116 262 4449,,info@lesta.co.uk,researched,,,,Wave 17 East Midlands
Broomleys Joinery,https://www.broomleysjoinery.co.uk/,Coalville / Leicestershire,lte IE 8 responsive stylesheet conditional still live,,info@broomleysjoinery.co.uk,researched,,,,Wave 17 East Midlands
Moore Tibbits,https://www.mooreandtibbits.co.uk/,Warwick / East Midlands fringe,Live Fax 01926 402692 on homepage contact strip,,email@moore-tibbits.co.uk,researched,,,,Wave 17 East Midlands fringe
Aircon Mechanical,https://www.aircon-mechanical.co.uk/,Blaby / Leicester,Live Fax 01162 787600 + IE6/7/8 conditionals (site intermittently 502),,info@airconmechanical.co.uk,researched,,,,Wave 17 East Midlands - verified earlier in run
Gregg White Printers,https://greggwhiteprinters.co.uk/,Leicester,Thin single-page brochure; Copyright 2021; no clear quote CTA,,info@greggwhiteprinters.co.uk,researched,,,,Wave 17 East Midlands - weaker clue
CNC Punching Ltd,https://cncpunching.co.uk/,Leicester,Relatively current WordPress; production@ only public email,,production@cncpunching.co.uk,researched,,,,Wave 17 East Midlands - weak / modern
KR Ducting,https://krducting.com/,Leicester,Copyright 2021 ductwork site; form-led quote path,,sales@krducting.com,researched,,,,Wave 17 East Midlands - weaker clue
Blunts Joinery Supplies,https://www.bluntsjoinerysupplies.co.uk/,Leicester,XHTML 1.0 shell; Copyright 2014; no public email found,,,researched,,,,Wave 17 East Midlands - no email
Alpha Air Fabrications,http://www.alphaairfabrications.co.uk/,Leicester,Thin Copyright 2017 single-page ductwork site; phone/form only,,,researched,,,,Wave 17 East Midlands - no email
Evolution Sheet Metal,http://www.evosml.co.uk/1615.html,Bury / Ramsey / Cambridgeshire,Flash Favor template contact page still has hasFlashNavigation; live Fax 01487 710674,,info@evosml.co.uk,draft,,,,Wave 18 Cambridgeshire
Anstee Gorst,https://www.ansteegorst.co.uk/,St Neots / Cambridgeshire,XHTML 1.0 Transitional doctype still live; Fax 01480 471613 in footer,,office@ansteegorst.co.uk,draft,,,,Wave 18 Cambridgeshire
ECL Ductwork,https://ecl-ductwork.co.uk/,Soham / Ely,scripts/html5shiv.js still loaded; Copyright 2018 in footer,,info@ecl-ductwork.co.uk,draft,,,,Wave 18 Cambridgeshire
Adams & Newman,https://www.adamsandnewman.co.uk/,Swavesey / Cambridge,Cufon.yui.js font replacement still drives headings; no viewport meta,,andrewadams@adamsandnewman.co.uk,draft,,,,Wave 18 Cambridgeshire
Border Engineering,https://www.borderengineering.co.uk/contact.php,Luton / Beds fringe,Live Fax (01582) 485 155 on contact.php beside Telephone (01582) 415 933,,sales@borderengineering.co.uk,draft,,,,Wave 18 Beds fringe leftover
Shearline,https://shearline.co.uk/,Ely / Cambridgeshire,IE lt 9 / IE 9 conditionals with lt-ie7 lt-ie8 lt-ie9 classes still on live shell,,sales@shearline.co.uk,draft,,,,Wave 18 Cambridgeshire
Rothmere,https://www.rothmere.com/,Huntingdon / Cambridgeshire,Holding page still publishes placeholder Tel +44 (0)1234 567890 beside info@,,info@rothmere.com,draft,,,,Wave 18 Cambridgeshire
Hitec,https://www.hitec.co.uk/,Soham / Cambridgeshire,Live Fax 01353 624 262 beside Tel 01353 624 101,,info@hitec.co.uk,draft,,,,Wave 18 Cambridgeshire
M&J Engineering,https://m-j-engineering.com/,Soham / Cambridgeshire,Live Fax 01353 968433 on contact block beside Phone 01353 968267,,jon@m-j-engineering.com,draft,,,,Wave 18 Cambridgeshire
Peterborough Sheet Metal,https://peterboroughsheetmetal.co.uk/contact/,Peterborough,Live Fax 01733 898 421 on contact page beside Phone 01733 344 880,,psmltd@live.co.uk,draft,,,,Wave 18 Cambridgeshire
Ely Print Centre,https://www.elyprint.co.uk/,Ely / Cambridgeshire,Live Fax 01353 666350 on homepage beside Tel 01353 666349,,print@elyprint.co.uk,researched,,,,Wave 18 Cambridgeshire
GLW Engineering,https://www.glwengineering.co.uk/contact/,Wisbech / Cambridgeshire,Live Fax 01945 464 647 on contact page beside Telephone 01945 464 637,,info@glwengineering.co.uk,researched,,,,Wave 18 Cambridgeshire
Fine & Country St Neots,https://www.fineandcountry.co.uk/st.-neots-estate-agents,St Neots / Cambridgeshire,Live Fax +441480 219448 on St Neots branch page,,inresidence@fineandcountry.com,researched,,,,Wave 18 Cambridgeshire
Jacowe Joinery,https://www.jacowejoineryltd.co.uk/,Godmanchester / Huntingdon,Thin craftsman brochure; phone/email only on live shell,,peter@jacowejoinery.co.uk,researched,,,,Wave 18 Cambridgeshire
Regal Joinery,https://regaljoinery.co.uk/,Soham / Ely,Footer still reads Copyright 2016 Regal Joinery Ltd,,info@regaljoinery.co.uk,researched,,,,Wave 18 Cambridgeshire
Peterborough Roofing,https://www.peterboroughroofing.co.uk/,Peterborough,jquery-1.9.1.min.js still loaded on live shell,,office@peterboroughroofing.co.uk,researched,,,,Wave 18 Cambridgeshire
R Howard Ltd,https://www.rhoward.co.uk/,Peterborough,Thin single-page printed carton brochure; phone/email only,,enquiries@rhoward.co.uk,researched,,,,Wave 18 Cambridgeshire
Paxton Sheet Metal,https://www.paxtonsheetmetal.co.uk/,St Neots / Cambridgeshire,St Neots fabricators - relatively current Wix,,mail@paxtonsheetmetal.co.uk,researched,,,,Wave 18 Cambridgeshire - weak / modern
FabTech Sheet Metal,https://fabtechsheetmetal.co.uk/,Crowland / Peterborough,Crowland sheet metal - relatively current,,sales@fabtechsheetmetal.co.uk,researched,,,,Wave 18 Cambridgeshire - weak / modern
SM Joinery,https://www.smbespokejoinery.co.uk/,Wisbech / Cambridgeshire,Wisbech CNC joinery - relatively current,,sales@smbespokejoinery.co.uk,researched,,,,Wave 18 Cambridgeshire - weak / modern
Qualitetch,https://www.qualitetch.com/,March / Cambridgeshire,March chemical etching - relatively current,,sales@qualitetch.com,researched,,,,Wave 18 Cambridgeshire - weak / modern
Adcock Refrigeration,https://www.adcock.co.uk/peterborough,Peterborough,Peterborough HVAC branch - relatively current,,enquiries@adcock.co.uk,researched,,,,Wave 18 Cambridgeshire - weak / modern
Black Cat Residential,https://www.blackcatresidential.co.uk/,Wisbech / Cambridgeshire,Wisbech estate agents - relatively current,,info@blackcatresidential.co.uk,researched,,,,Wave 18 Cambridgeshire - weak / modern
Moore Thompson,https://www.moorethompson.co.uk/,Peterborough / Wisbech,Peterborough / Wisbech accountants - relatively current,,admin@mooret.co.uk,researched,,,,Wave 18 Cambridgeshire - weak / modern
RGS Labels,https://www.rgslabels.co.uk/,Huntingdon / Cambridgeshire,Huntingdon digital labels - relatively current,,sales@rgslabels.co.uk,researched,,,,Wave 18 Cambridgeshire - weak / modern
Barum & Dewar,https://barumanddewar.com/,Barnstaple / Devon,jquery-1.8.3 + html5shiv/respond still loaded; live Fax +44 (0)1271 344870 on contact,,enquiries@barumanddewar.com,draft,,,,Wave 19 Somerset Dorset Exeter
Kingsbere Accountants,https://www.kingsbereaccountants.co.uk/,Blandford Forum / Dorset,XHTML 1.0 Transitional doctype still live; Fax 01258 830281; Copyright 2016,,office@kingsbere.co.uk,draft,,,,Wave 19 Somerset Dorset Exeter
Traditional Windows,https://www.traditional-windows.co.uk/,Honiton / Devon,XHTML 1.0 Strict doctype; jquery-1.5.1.min.js; Copyright 2014,,info@traditional-windows.co.uk,draft,,,,Wave 19 Somerset Dorset Exeter
Chaffers,https://www.chaffers.co.uk/,Blandford / Dorset,html5shiv still loaded from html5shiv.googlecode.com/svn/trunk,,sales@chaffers.co.uk,draft,,,,Wave 19 Somerset Dorset Exeter
Sheppard Rockey & Williams,https://www.srwaccountants.co.uk/,Exminster / Exeter,Live Fax 01392 824838; html5fallback.js still loaded for old IE,,enquiries@srwaccountants.co.uk,draft,,,,Wave 19 Somerset Dorset Exeter
Bancombe Joinery,https://www.bancombejoinery.co.uk/,Somerton / Somerset,oss.maxcdn html5shiv 3.7.2 + respond 1.4.2 still loaded,,sales@bancombejoinery.co.uk,draft,,,,Wave 19 Somerset Dorset Exeter
Stafford and Coomber,https://www.staffelec.co.uk/,Taunton / Somerset,oss.maxcdn html5shiv 3.7.2 + respond 1.4.2 still loaded,,info@staffelec.co.uk,draft,,,,Wave 19 Somerset Dorset Exeter
Western Fabrications,https://www.westernfab.co.uk/,Taunton / Somerset,lt-ie7/8/9 classes; Copyright 2018; modernizr-respond 1.4.2,,sales@westernfab.co.uk,draft,,,,Wave 19 Somerset Dorset Exeter
Grant Sellers,https://grantsellers.co.uk/,Verwood / Dorset,Theme html5shiv.min.js + respond.min.js still loaded for lt IE 9,,info@grantsellers.co.uk,draft,,,,Wave 19 Somerset Dorset Exeter
Corhaven,https://www.corhaven.co.uk/,Poole / Dorset,Live Fax 01202 670265 beside Tel 01202 671449,,info@corhaven.co.uk,draft,,,,Wave 19 Somerset Dorset Exeter
Taunton Solicitors,https://tauntonsolicitors.com/,Taunton / Somerset,Live Fax 01823 335701 on contact block,,info@tauntonsolicitors.com,researched,,,,Wave 19 Somerset Dorset Exeter
Lawrences Auctioneers,https://www.lawrences.co.uk/,Crewkerne / Somerset,Live Fax 01460 279969 on contact page,,enquiries@lawrences.co.uk,researched,,,,Wave 19 Somerset Dorset Exeter
M D Fabrication,http://www.steelfabricationdevon.co.uk/,Cullompton / Devon,html5shiv.min.js + respond.min.js still loaded for lt IE 9,,info@steelfabricationdevon.co.uk,researched,,,,Wave 19 Somerset Dorset Exeter
RH Fibreboard,https://rhfibreboard.co.uk/,Wellington / Somerset,lt-ie9 / lt-ie8 / lt-ie7 classes still on live shell,,hello@rhfibreboard.co.uk,researched,,,,Wave 19 Somerset Dorset Exeter
Porter Dodson Yeovil,https://www.porterdodson.co.uk/solicitors-yeovil,Yeovil / Somerset,Live Fax 01935 706063 on Yeovil branch page,,info@porterdodson.co.uk,researched,,,,Wave 19 Somerset Dorset Exeter
G L Joinery and Kitchens,https://www.gljoinerykitchens.co.uk/,Chard / Somerset,IE8 PIE.php CSS conditional still live on Mantra theme,,info@gljoinerykitchens.co.uk,researched,,,,Wave 19 Somerset Dorset Exeter
Monk Woodworking,https://monkwoodworking.co.uk/,Yeovil / Somerset,Yeovil joinery - relatively current WordPress,,info@monkwoodworking.co.uk,researched,,,,Wave 19 Somerset Dorset Exeter - weak / modern
Arc Fabrications Taunton,https://arc-fabrication.co.uk/,Taunton / Somerset,Taunton fabricators - relatively current,,info@arc-fabrication.co.uk,researched,,,,Wave 19 Somerset Dorset Exeter - weak / modern
Dorset Sheet Metal,https://dorsetsheetmetal.uk/,Dorset,Dorset ductwork manufacturer - relatively current,,enquiries@dsmp.co.uk,researched,,,,Wave 19 Somerset Dorset Exeter - weak / modern
Meridian Ventilation,https://www.meridianventilation.co.uk/,Bournemouth / Dorset,Bournemouth HVAC fabricator - relatively current,,info@meridianvent.co.uk,researched,,,,Wave 19 Somerset Dorset Exeter - weak / modern
Wyvern Joinery,https://www.wyvernjoineryltd.co.uk/,Yeovil / Somerset,Yeovil joinery - relatively current,,conner@wyvernjoineryltd.co.uk,researched,,,,Wave 19 Somerset Dorset Exeter - weak / modern
Hotchkiss Warburton,https://www.hotchkiss-warburton.co.uk/,Crediton / Devon,Crediton solicitors - relatively current,,enquiries@hotchkiss-warburton.co.uk,researched,,,,Wave 19 Somerset Dorset Exeter - weak / modern
QuickPrint,https://www.quickprint.co.uk/,Exeter / Devon,Exeter printers - relatively current,,hello@quickprint.co.uk,researched,,,,Wave 19 Somerset Dorset Exeter - weak / modern
Orchid Print,https://www.orchidprint.com/,South West,SW print company - relatively current,,enquires@orchidprint.com,researched,,,,Wave 19 Somerset Dorset Exeter - weak / modern
Wiveliscombe Joinery,https://www.wiveliscombejoinery.co.uk/,Wiveliscombe / Somerset,Wiveliscombe joinery - relatively current,,contact@wiveliscombejoinery.co.uk,researched,,,,Wave 19 Somerset Dorset Exeter - weak / modern
Prestige Packaging,https://www.prestigepkg.co.uk/,Plympton / Plymouth,lt-ie7/8/9 classes; html5shiv + respond.min for lt IE 9; jquery 1.5.2; viewport width=1105,,sales@prestigepkg.co.uk,draft,,,,Wave 20 Cornwall Plymouth Torquay
Bennett Jones and Co,https://www.bennettjonesandco.co.uk/,Bodmin / St Austell,html5shiv still loaded from googlecode SVN trunk; jquery-1.7.1; Fax 01726 69878,,enquiries@bjandco.co.uk,draft,,,,Wave 20 Cornwall Plymouth Torquay
Cornwall Homeseekers,https://www.cornwall-homeseekers.co.uk/,Truro / Cornwall,Live Fax 01872 273432 on Contact-Us; jquery-1.9.1 + html5shiv.js; IE8 Alert still live,,N.Collenette@cornwall-homeseekers.co.uk,draft,,,,Wave 20 Cornwall Plymouth Torquay
Cornish Stairways,https://cornishstairways.com/,Penryn / Cornwall,lt-ie7/8/9 classes; html5shiv still loaded from googlecode SVN trunk,,mikejordan@cornishstairways.co.uk,draft,,,,Wave 20 Cornwall Plymouth Torquay
Westcountry Fabrication,https://www.westcountryfabrication.co.uk/,Plymouth,modernizr-2.5.3-respond-1.1.0 + jquery-1.10.1; live Fax 08723 527204; Copyright 2014,,sales@westcountrygroup.co.uk,draft,,,,Wave 20 Cornwall Plymouth Torquay
Torbay Steel Fabrications,https://www.torbaysteelfabrications.co.uk/,Paignton / Torbay,XHTML 1.0 Strict doctype still live; Copyright 2010 in footer,,david@torbaysteel.com,draft,,,,Wave 20 Cornwall Plymouth Torquay
Grylls and Paige,http://www.gryllsandpaige.co.uk/,Redruth / Cornwall,Concrete5 html5-shiv + respond for lt IE 9; live Fax 01209 219677,,law@grylls-paige.co.uk,draft,,,,Wave 20 Cornwall Plymouth Torquay
Nalders Solicitors,https://nalders.co.uk/,Truro / Cornwall,Contact pages still publish live Fax across Truro St Austell Falmouth Newquay Camborne Helston Penzance,,postmaster@nalders.co.uk,draft,,,,Wave 20 Cornwall Plymouth Torquay
Toulsons Accountancy,http://www.toulsonsaccountancy.co.uk/,Newton Abbot / Torbay,Contact still lists Telephone/Fax: 01626 873065 as one line,,Wendy@toulsonsaccountancy.co.uk,draft,,,,Wave 20 Cornwall Plymouth Torquay
Bond Joinery,https://www.bondjoinery.co.uk/,Totnes / South Devon,Thin dated shell; old jquery camera slider stack; Copyright 2017,,info@bondjoinery.co.uk,draft,,,,Wave 20 Cornwall Plymouth Torquay
RRL Cornwall,https://www.rrlcornwall.co.uk/,Truro / Penzance,HTML 4.01 Strict doctype still served on live accountants site,,post@rrlcornwall.co.uk,researched,,,,Wave 20 Cornwall Plymouth Torquay
Rowse Electrical,https://www.rowse.co.uk/,Plymouth,Site still loads jquery-2.1.3.min.js on live electrical wholesaler,,sales@rowse.co.uk,researched,,,,Wave 20 Cornwall Plymouth Torquay
Redborne Printers,https://www.redborneprinters.co.uk/,Cornwall,Cornwall box makers / printers - relatively current Wix,,redborneprinters@gmail.com,researched,,,,Wave 20 Cornwall Plymouth Torquay - weak / modern
Tamar Packaging,https://www.tamarpackaging.co.uk/,Tavistock / Devon,Tamar Valley carton packaging - relatively current,,sales@tamarpackaging.co.uk,researched,,,,Wave 20 Cornwall Plymouth Torquay - weak / modern
Hayman Joinery,https://www.haymanjoinery.co.uk/,Ivybridge / Devon,Ivybridge joinery - relatively current Elementor,,info@haymanjoinery.co.uk,researched,,,,Wave 20 Cornwall Plymouth Torquay - weak / modern
Camel Glass and Joinery,https://camelglass.co.uk/,Wadebridge / Cornwall,Wadebridge glass and joinery - relatively current,,sales@camelglass.co.uk,researched,,,,Wave 20 Cornwall Plymouth Torquay - weak / modern
Plymouth and Devon Metal Fabrication,https://www.plymouth-metal.co.uk/,Plympton / Plymouth,Plympton metal fabricators - relatively current,,sales@plymouth-metal.co.uk,researched,,,,Wave 20 Cornwall Plymouth Torquay - weak / modern
Metal Solutions SW,https://metal-solutions.co.uk/,Plymouth,Plymouth metal fabricators - relatively current,,info@metal-solutions.co.uk,researched,,,,Wave 20 Cornwall Plymouth Torquay - weak / modern
Air Vent Services,https://airventservices.co.uk/,Lee Mill / Devon,Devon Cornwall ductwork - relatively current,,info@airventservices.co.uk,researched,,,,Wave 20 Cornwall Plymouth Torquay - weak / modern
Rawlings Joinery,https://www.rawlingsjoinery.co.uk/,Plymouth,Plymouth joinery - relatively current,,admin@rawlingsjoinery.co.uk,researched,,,,Wave 20 Cornwall Plymouth Torquay - weak / modern
St Austell Printing Company,https://sapc.co.uk/,St Austell / Cornwall,St Austell printers - relatively current,,info@sapc.co.uk,researched,,,,Wave 20 Cornwall Plymouth Torquay - weak / modern
Alderman Tooling,https://www.aldermantooling.co.uk/,Plymouth,Plymouth sheet metal - relatively current,,,researched,,,,Wave 20 Cornwall Plymouth Torquay - weak / modern
Westcountry Fabrication Ltd Saltash,https://www.westcountryfabricationltd.co.uk/,Saltash / Cornwall,Saltash structural steel - relatively current,,sales@westcountryfabricationltd.co.uk,researched,,,,Wave 20 Cornwall Plymouth Torquay - weak / modern
CE Metal Fabrications,https://www.cemetalfabrications.co.uk/,Liskeard / Cornwall,Liskeard metal fabricators - relatively current,,steelwork@cemetalfabrications.co.uk,researched,,,,Wave 20 Cornwall Plymouth Torquay - weak / modern
Purnells,https://www.purnells.co.uk/,Penryn / Cornwall,Penryn insolvency practitioners - relatively current,,help@purnells.co.uk,researched,,,,Wave 20 Cornwall Plymouth Torquay - weak / modern
Emmet J Kelly and Co,https://emmetjkelly.com/,Banbridge / Co Down,html5shiv still loaded from html5shiv.googlecode.com/svn/trunk,,law@emmetjkellysolicitors.com,draft,,,,Wave 23 NI second pass Lisburn Newry Portadown Omagh
Gerard Maguire Solicitors,https://gmaguiresolicitors.co.uk/,Portadown,html5shiv 3.7.2 + jquery 1.10.1; live Fax (028) 3839 3489 on contact,,info@gmaguiresolicitors.co.uk,draft,,,,Wave 23 NI second pass Lisburn Newry Portadown Omagh
Francis Hanna and Co,https://www.fhanna.co.uk/,Belfast,jquery 1.10.2 still loaded; live Fax +44 (0)28 9024 4215,,info@fhanna.co.uk,draft,,,,Wave 23 NI second pass Lisburn Newry Portadown Omagh
Worthingtons Solicitors,https://www.worthingtonslaw.co.uk/,Belfast / Newtownards,html5shiv 3.7.2 + Respond.js; live F: 028 9043 4016 on Contact Us,,info@worthingtonslaw.co.uk,draft,,,,Wave 23 NI second pass Lisburn Newry Portadown Omagh
Jones Estate Agents,https://www.jonesestateagents.com/,Lurgan,lt-ie10/9/8/7 classes; html5shiv 3.7.3 + respond.min.js + modernizr-2.6.2,,info@jonesestateagents.com,draft,,,,Wave 23 NI second pass Lisburn Newry Portadown Omagh
McFarland Graham McCombe,https://mgmsolicitors.com/,Lisburn,html5shiv.min.js still loaded; live Fax 028 9260 7472,,mgm@nilaw.co.uk,draft,,,,Wave 23 NI second pass Lisburn Newry Portadown Omagh
Best Property Services,https://www.bestpropertyservices.com/,Newry,lt-ie10/9/8/7 classes; html5shiv 3.7.3 + respond.min.js,,info@bestpropertyservices.com,draft,,,,Wave 23 NI second pass Lisburn Newry Portadown Omagh
OKane Brothers,https://www.okanebrothers.co.uk/,Omagh,lt-ie10/9/8/7 classes; html5shiv 3.7.3 + respond.min.js,,info@okanebrothers.co.uk,draft,,,,Wave 23 NI second pass Lisburn Newry Portadown Omagh
Farrell and Farrell,https://www.farrellca.com/,Hilltown / Newry,Live Fax 028 4063 2648 on contact page,,info@farrellca.com,draft,,,,Wave 23 NI second pass Lisburn Newry Portadown Omagh
Felix OHare,https://www.felixohare.com/,Newry,html5shiv.js + jquery-1.9.1.js still loaded,,admin@felixohare.com,draft,,,,Wave 23 NI second pass Lisburn Newry Portadown Omagh
Thompson Mitchell,https://thompsonmitchell.co.uk/,Portadown / Hillsborough,Live Fax 028 3835 0950 (Portadown) and 028 9268 8187 (Hillsborough),,reception@thompsonmitchell.co.uk,researched,,,,Wave 23 NI second pass Lisburn Newry Portadown Omagh
McCleary and Co,https://mcclearyaccountants.com/,Lurgan / Lisburn,jquery-1.7.2.min.js still loaded on live accountants site,,info@mcclearyaccountants.com,researched,,,,Wave 23 NI second pass Lisburn Newry Portadown Omagh
McShane and Co,https://www.mcshaneandco.com/,Newry / Kilkeel,Live Fax +44(0)28 3026 9492 on Newry office block,,info@mcshaneandco.com,researched,,,,Wave 23 NI second pass Lisburn Newry Portadown Omagh
McConnell and Fyffe,https://www.mcconnellandfyffe.co.uk/,Omagh,Live Fax 028 8224 9217 on contact page,,law@mcconnellfyffe.co.uk,researched,,,,Wave 23 NI second pass Lisburn Newry Portadown Omagh
Tim Martin and Co,https://www.timmartin.co.uk/,Lisburn,html5shiv.js + respond.js still loaded,,info@timmartin.co.uk,researched,,,,Wave 23 NI second pass Lisburn Newry Portadown Omagh
Fred Dalzell,https://www.dalzellproperty.com/,Portadown,html5shiv.js + respond.js still loaded,,info@freddalzell.com,researched,,,,Wave 23 NI second pass Lisburn Newry Portadown Omagh
Johns Elliot,https://www.johnselliot.com/,Belfast,jquery-1.9.1.min.js still loaded,,info@johnselliot.com,researched,,,,Wave 23 NI second pass Lisburn Newry Portadown Omagh
MKB Law,https://mkblaw.co.uk/,Belfast,html5shiv.js still loaded for old IE,,info@mkblaw.co.uk,researched,,,,Wave 23 NI second pass Lisburn Newry Portadown Omagh
Lennon Toner ONeill,https://www.lennontoneroneillsolicitors.co.uk/,Armagh,Live Fax 02837528587 on homepage contact block,,solicitors@lton.co.uk,researched,,,,Wave 23 NI second pass Lisburn Newry Portadown Omagh
Gibson Bros,https://gibsonbros.co.uk/,Banbridge,lt-ie9 / lt-ie8 / lt-ie7 classes still on live shell,,enquiries@gibsonbros.co.uk,researched,,,,Wave 23 NI second pass Lisburn Newry Portadown Omagh
Ulster Property Sales,https://www.ulsterpropertysales.co.uk/,Belfast / NI,html5shiv.js + respond.js still loaded across branch pages,,lisburnroad@ulsterpropertysales.co.uk,researched,,,,Wave 23 NI second pass Lisburn Newry Portadown Omagh
Tughans,https://www.tughans.com/,Belfast,jquery 1.11.3 still loaded on live solicitors site,,law@tughans.com,researched,,,,Wave 23 NI second pass Lisburn Newry Portadown Omagh
Patrick Park Solicitors,https://www.pparksolicitors.co.uk/,Lurgan,Copyright (c) 2015 still in footer,,info@pparksolicitors.co.uk,researched,,,,Wave 23 NI second pass Lisburn Newry Portadown Omagh
L Kerr and Co,https://www.lkerrandco.com/,Armagh,Copyright (c) 2015 still in footer,,liam@lkerrandco.com,researched,,,,Wave 23 NI second pass Lisburn Newry Portadown Omagh
Clanrye Electrical,https://clanryeelectrical.com/,Newry,Newry electrical wholesaler - relatively current,,info@clanryeelectrical.com,researched,,,,Wave 23 NI second pass Lisburn Newry Portadown Omagh - weak / modern
Wyvern Sheet Metal,https://www.wyvernsheetmetal.co.uk/,Worcester,html5shiv from googlecode SVN trunk; Copyright 2013; Fax 01905 753599,,sales.wyvernsheetmetal@btconnect.com,draft,,,,Wave 24 Shropshire Hereford Worcester
Dero Fabrication,http://www.dero.co.uk/,Worcester,HTML 4.01 Transitional; Fax 01905 754152,,sales@dero.co.uk,draft,,,,Wave 24 Shropshire Hereford Worcester
Barlodge,http://barlodge.com/,Redditch,jquery-1.6.2 + modernizr-2.0.6; Fax us 01527 510764,,sales@barlodge.com,draft,,,,Wave 24 Shropshire Hereford Worcester
Sidney Phillips,https://www.sidneyphillips.co.uk/,Hereford,XHTML 1.0 + jquery-1.7.1; Fax: 0845 299 1777 on Hereford contact,,Midlands@sidneyphillips.co.uk,draft,,,,Wave 24 Shropshire Hereford Worcester
Clarkes Solicitors,https://www.clarkeslaw.co.uk/,Shrewsbury,lt-ie9/8/7; f: 01743 351 860,,shrewsbury@clarkeslaw.co.uk,draft,,,,Wave 24 Shropshire Hereford Worcester
Teasdale and Co,https://www.teasdale.org.uk/,Whitchurch,jquery-1.9.0; Fax 01948 667107,,charles@teasdale.org.uk,draft,,,,Wave 24 Shropshire Hereford Worcester
Mortimers Solicitors,https://www.mortimers-solicitors.co.uk/,Bridgnorth / Hereford,Fax 01746 766 765 and Fax 01432 355 923,,bridgnorth@mortimers-solicitors.co.uk,draft,,,,Wave 24 Shropshire Hereford Worcester
Williams Brothers,https://www.williamsbrothersltd.co.uk/,Mordiford / Hereford,Tel / Fax : 01432 873157 on homepage footer,,enquiries@williamsbrothersltd.co.uk,draft,,,,Wave 24 Shropshire Hereford Worcester
Paytons Solicitors,https://www.paytons.co.uk/,Malvern,Fax: 01684 892760 on homepage,,ask@paytons.co.uk,draft,,,,Wave 24 Shropshire Hereford Worcester
Thorntons Solicitors,https://www.thorntonslegal.com/,Shrewsbury,Fax Number 01743 341 798 on Contact Us,,enquiries@thorntonslegal.com,draft,,,,Wave 24 Shropshire Hereford Worcester
Armstrong Rogers,https://www.armstrongrogers.co.uk/,Leominster / Herefordshire,Live Fax: 01568 611970 on contact page (empty-reply on re-verify),,admin@armstrongrogers.co.uk,researched,,,,Wave 24 Shropshire Hereford Worcester
K M Bailey,https://www.kmbailey.co.uk/,Broseley / Shropshire,HTML 4.01 Transitional + live Fax 01952 882965 (verified earlier this run; later 403),,kelvin@kmbailey.co.uk,researched,,,,Wave 24 Shropshire Hereford Worcester
mfg Solicitors,https://www.mfgsolicitors.com/,Kidderminster,Live Fax: 01562 820066 on Kidderminster contact,,info@mfgsolicitors.com,researched,,,,Wave 24 Shropshire Hereford Worcester
Talbots Law,https://www.talbotslaw.co.uk/,Kidderminster,Live Fax: 01562 827601 on Kidderminster contact,,newenquiries@talbotslaw.co.uk,researched,,,,Wave 24 Shropshire Hereford Worcester
Lanyon Bowdler,https://www.lblaw.co.uk/,Oswestry / Shropshire,Live fax icon number 01743 282340 on Oswestry contact,,info@lblaw.co.uk,researched,,,,Wave 24 Shropshire Hereford Worcester
Select Products,https://www.select-products.co.uk/,Brecon / Mid Wales fringe,Live Fax: 01874 620099 on contact block,,enquiries@select-products.co.uk,researched,,,,Wave 24 Shropshire Hereford Worcester
Painters Law,https://www.painterslaw.co.uk/,Kidderminster / Stourport,Footer still exposes Fax buttons beside Telephone,,info@painterslaw.co.uk,researched,,,,Wave 24 Shropshire Hereford Worcester
Dyke Yaxley,https://www.dykeyaxley.co.uk/,Shrewsbury,Live F: 01743 235794 on site,,info@dykeyaxley.co.uk,researched,,,,Wave 24 Shropshire Hereford Worcester
Clifton-Crick Sharp,https://accountantsworcestershire.co.uk/index.html,Pershore / Worcestershire,Legacy index.html still carries Copyright 2008 Smile Local shell,,,researched,,,,Wave 24 Shropshire Hereford Worcester
Badger Print,https://www.badgerprint.co.uk/,Telford / Bridgnorth,Telford-Bridgnorth commercial printers - relatively current,,info@badgerprint.co.uk,researched,,,,Wave 24 Shropshire Hereford Worcester - weak / modern
Andrew Morris Estate Agents,https://www.andrew-morris.co.uk/,Hereford,Hereford estate agents - Wix rebuild; relatively current,,info@andrew-morris.co.uk,researched,,,,Wave 24 Shropshire Hereford Worcester - weak / modern
Jenners,https://www.jennersacc.co.uk/,Hereford,Hereford accountants - relatively current,,office@jennersacc.co.uk,researched,,,,Wave 24 Shropshire Hereford Worcester - weak / modern
HTB Accountants,https://www.htbaccountants.co.uk/,Shrewsbury,Shrewsbury accountants - relatively current,,hello@htbaccountants.co.uk,researched,,,,Wave 24 Shropshire Hereford Worcester - weak / modern
BEW Electrical Shrewsbury,https://www.bew-elec.co.uk/location/shrewsbury/,Shrewsbury,Shrewsbury electrical wholesaler branch - relatively current,,enquiries@bew-elec.co.uk,researched,,,,Wave 24 Shropshire Hereford Worcester - weak / modern
TCL Packaging,https://www.tcl-packaging.com/,Telford,Telford flexible packaging - relatively current,,enquiries@tcl-packaging.com,researched,,,,Wave 24 Shropshire Hereford Worcester - weak / modern
Pinfold Fabrications,http://www.pinfoldfabrications.co.uk/,Bourne / Lincolnshire,HTML 4.01 Frameset + MicroVision WebExpress + Fax: 01778 393456,,sales@pinfoldfabrications.co.uk,draft,,,,Wave 25 Lincolnshire - top draft
Mark Rice,https://www.markrice.co.uk/,Sleaford,jquery-1.10.2 + html5shiv + respond; XHTML contact Fax: 01529 414 546,,info@markrice.co.uk,draft,,,,Wave 25 Lincolnshire - top draft
Harrison Rose,https://www.harrisonroseproperty.com/,Spalding,googlecode html5shiv SVN trunk + modernizr-2.8.1,,info@harrisonroseproperty.com,draft,,,,Wave 25 Lincolnshire - top draft
Stamford Engraving,https://stamfordengraving.com/,Stamford,bgcolor / align=center / GIF logo hand-built pages,,print@stamfordengraving.com,draft,,,,Wave 25 Lincolnshire - top draft
Openfield,https://www.openfield.co.uk/,Colsterworth / Lincolnshire,jquery-1.11.1 + Copyright 2005,,info@openfield.co.uk,draft,,,,Wave 25 Lincolnshire - top draft
Chattertons,https://www.chattertons.com/site/contact/solicitors-in-boston/,Boston / Lincolnshire,jquery/1.11.1 + Fax: 01205 314100 on Boston contact,,webenquiry@chattertons.com,draft,,,,Wave 25 Lincolnshire - top draft
Longstaff,https://www.longstaff.com/,Spalding,jquery/1.11.3 + Fax: 01775 762289 on About Us,,crml@longstaff.com,draft,,,,Wave 25 Lincolnshire - top draft
Roythorne,https://www.roythorne.co.uk/site/contact/solicitors-spalding/,Spalding / Pinchbeck,jquery/1.11.1 + faxNumber 01775 725 736,,enquiries@roythornes.co.uk,draft,,,,Wave 25 Lincolnshire - top draft
Sills & Betteridge,https://www.sillslegal.co.uk/offices/boston,Boston / Sleaford,la-fax 01205 354340 Boston / 01529 413703 Sleaford,,info@sillslegal.co.uk,draft,,,,Wave 25 Lincolnshire - top draft
BG Solicitors,https://www.bgsolicitors.com/,Louth,modernizr-2.7.1.min.js,,info@bgsolicitors.com,draft,,,,Wave 25 Lincolnshire - top draft
Richardson Surveyors,https://www.richardsonsurveyors.co.uk/,Stamford,html5shiv 3.7.2 + respond.min.js + Copyright 2014,,,researched,,,,Wave 25 Lincolnshire - backlog / no clear public email
Chris Cook Print,https://www.chriscookprint.co.uk/,Boston,Modernizr touch stack; relatively current otherwise,,sales@chriscookprint.co.uk,researched,,,,Wave 25 Lincolnshire - weak / modern
PDP Print,https://pdpprint.co.uk/,Sleaford,Current WP; Flash player plugin message only,,info@pdpprint.co.uk,researched,,,,Wave 25 Lincolnshire - weak / modern
Eckfords,https://www.eckfords.co.uk/,Bourne,Bourne / Spalding estate agents - relatively current,,sales@eckfords.co.uk,researched,,,,Wave 25 Lincolnshire - weak / modern
Calthrops,https://www.calthrops.co.uk/,Spalding,Spalding solicitors - modern Elementor rebuild,,,researched,,,,Wave 25 Lincolnshire - weak / modern
Titan Metal Fabrications,https://www.titanltd.co.uk/,Louth,Louth metal fabrications - relatively current,,admin@titanltd.co.uk,researched,,,,Wave 25 Lincolnshire - weak / modern
GRS Electrical,https://grs-electrical.com/,Louth,Louth electrical contractors - relatively current,,sales@grs-electrical.co.uk,researched,,,,Wave 25 Lincolnshire - weak / modern
Louth Building Supplies,https://louthbuildingsupplies.co.uk/,Louth,Louth builders merchant - relatively current,,sales@louthbuildingsupplies.co.uk,researched,,,,Wave 25 Lincolnshire - weak / modern
Pozzani Pure Water,https://www.pozzani.co.uk/,Louth,Louth water treatment - relatively current,,enquiries@pozzani.co.uk,researched,,,,Wave 25 Lincolnshire - weak / modern
RP Glass Supplies,https://rpglasssupplies.co.uk/,Spalding,Spalding glazing suppliers - relatively current,,rpglass9@gmail.com,researched,,,,Wave 25 Lincolnshire - weak / modern
Sign Design Services,http://www.mysigndesign.co.uk/,Spalding,Spalding signs/print - modern WooCommerce,,sales@mysigndesign.co.uk,researched,,,,Wave 25 Lincolnshire - weak / modern
Sleaford Joinery,https://sleafordjoinery.co.uk/,Sleaford,Theme modernizr only - relatively current,,adrian@sleafordjoinery.co.uk,researched,,,,Wave 25 Lincolnshire - weak / modern
Cloud Lettings,https://www.cloudlettings.co.uk/,Lincoln,Lincoln lettings - relatively current,,info@cloudlettings.co.uk,researched,,,,Wave 25 Lincolnshire - weak / modern
Jackson Stapleton,https://jacksonstapleton.co.uk/,Scunthorpe,Scunthorpe accountants - relatively current,,info@jacksonstapleton.co.uk,researched,,,,Wave 25 Lincolnshire - weak / modern
Faith Williams Law,https://faithwilliamslaw.com/,Lincoln,Lincoln solicitors - relatively current,,admin@faithwilliamslaw.com,researched,,,,Wave 25 Lincolnshire - weak / modern
Camstar Herbs,https://camstar.co.uk/,Eye / Suffolk,XHTML 1.0 Transitional + jquery-1.3.2 + bgcolor table layout,,sales@camstar.co.uk,draft,,,,Wave 26 Norfolk Suffolk - top draft
One Estates,https://www.one-estates.co.uk/,Lowestoft / Great Yarmouth,XHTML 1.0 Transitional doctype still on live shopfront,,info@one-estates.co.uk,draft,,,,Wave 26 Norfolk Suffolk - top draft
Diamond Mills,https://www.diamondmills.co.uk/,Felixstowe,lt IE 9 + html5shiv 3.7.2 + respond.min.js + jquery-1.12.0,,sales@diamondmills.co.uk,draft,,,,Wave 26 Norfolk Suffolk - top draft
Abbey Labels,https://www.abbeylabels.co.uk/,Bury St Edmunds,lt IE 7 conditional comments + Fax: 01284 755122,,info@abbeylabels.co.uk,draft,,,,Wave 26 Norfolk Suffolk - top draft
Greene & Greene,https://greene-greene.com/,Bury St Edmunds,lt IE 7 / ie6 class stack + Fax: 01284 717499,,mail@greene-greene.com,draft,,,,Wave 26 Norfolk Suffolk - top draft
Ashtons Legal,https://www.ashtonslegal.co.uk/contact-us/solicitors-in-ipswich/,Ipswich,jquery/1.11.1 + faxNumber 01473 230505 on Ipswich contact,,enquiries@ashtonslegal.co.uk,draft,,,,Wave 26 Norfolk Suffolk - top draft
Spire Solicitors,https://www.spiresolicitors.co.uk/,Norwich / Norfolk,jquery/1.11.0-rc1 + lt IE 9 conditional comments,,info@spiresolicitors.co.uk,draft,,,,Wave 26 Norfolk Suffolk - top draft
Bycroft Estate Agents,https://bycroftestateagents.co.uk/,Great Yarmouth,lt IE 9 + html5shiv + respond + jquery/1.11.2,,residential@bycroftestateagents.co.uk,draft,,,,Wave 26 Norfolk Suffolk - top draft
TW Gaze,https://www.twgaze.co.uk/,Diss / Norfolk,faxNumber 01379 651 936 + lt IE 9 jquery/1.11.3,,prop@twgaze.co.uk,draft,,,,Wave 26 Norfolk Suffolk - top draft
Barker Gotelee,https://www.barkergotelee.co.uk/,Ipswich / Martlesham,jquery/2.2.4 + F: 01473 610 560 on contact,,bg@barkergotelee.co.uk,draft,,,,Wave 26 Norfolk Suffolk - top draft
Finance & Management Services,https://www.financeandmanagement.co.uk/,Bury St Edmunds,Live Fax: 01284 764857 on thin brochure site,,neil@financeandmanagement.co.uk,researched,,,,Wave 26 Norfolk Suffolk - backlog
Howards,https://howards.co.uk/,Lowestoft / Great Yarmouth,jquery-1.11.0.min.js still loaded,,contactus@howards.co.uk,researched,,,,Wave 26 Norfolk Suffolk - backlog
HKB Wiltshires,https://hkbwiltshires.co.uk/,Great Yarmouth,Fax: 01493 843695 still on live homepage footer,,info@hkbw.co.uk,researched,,,,Wave 26 Norfolk Suffolk - backlog
Kerseys,https://www.kerseys.co.uk/,Ipswich,lt IE 9 conditional comments still in live HTML,,info@kerseys.co.uk,researched,,,,Wave 26 Norfolk Suffolk - backlog
Crisp Engineering,https://crispengineering.co.uk/,Ipswich,Copyright block still opens © 2012-2026,,sales@crispengineering.co.uk,researched,,,,Wave 26 Norfolk Suffolk - backlog
West Engineering,https://www.westengineering.co.uk/,Ipswich,Ipswich spiral duct / sheet metal - relatively current,,renee@westengineering.co.uk,researched,,,,Wave 26 Norfolk Suffolk - backlog
Premier Printers,https://www.premier-printers.co.uk/,Bury St Edmunds,Bury printers est.1987 - relatively current,,info@premier-printers.co.uk,researched,,,,Wave 26 Norfolk Suffolk - backlog
Gascoynes,https://www.gascoynes.co.uk/,Bury St Edmunds / Ipswich,Norfolk & Suffolk accountants - relatively current,,info@gascoynes.co.uk,researched,,,,Wave 26 Norfolk Suffolk - backlog
Keystone,https://www.keystoneiea.co.uk/,Ipswich,Ipswich estate agents - relatively current,,property@keystoneiea.co.uk,researched,,,,Wave 26 Norfolk Suffolk - backlog
Minors & Brady,https://www.minorsandbrady.co.uk/,Norwich / Diss / Dereham,Multi-branch Norfolk estate agents - relatively current,,homes@minorsandbrady.co.uk,researched,,,,Wave 26 Norfolk Suffolk - backlog
Boydens,https://www.boydens.co.uk/,Sudbury / Suffolk,Sudbury / Essex estate agents - relatively current,,enquiries@boydens.co.uk,researched,,,,Wave 26 Norfolk Suffolk - backlog
Gipping Press,https://www.gippingpress.co.uk/,Ipswich,Ipswich commercial printers - relatively current,,enquiries@gippingpress.co.uk,researched,,,,Wave 26 Norfolk Suffolk - backlog
Aldreds,https://www.aldreds.co.uk/,Great Yarmouth / Lowestoft,East Norfolk estate agents - relatively current,,yarmouth@aldreds.co.uk,researched,,,,Wave 26 Norfolk Suffolk - backlog
Hansells,https://www.hansells.co.uk/,Norwich,Norwich solicitors - relatively current,,info@hansells.co.uk,researched,,,,Wave 26 Norfolk Suffolk - backlog
Suffolk Joinery,https://www.suffolkjoinery.co.uk/,Woodbridge / Suffolk,Woodbridge joinery - relatively current,,,researched,,,,Wave 26 Norfolk Suffolk - backlog / no clear public email
Johns Gilbert & Frankton,https://www.jgfsolicitors.co.uk/,Rugby,IE 6/7/8 + lt IE 9 + Fax: 01788 540237,,enquiries@jgfsolicitors.co.uk,draft,,,,Wave 27 Warwickshire Coventry - top draft
MPJ Fabrications,https://www.mpjfabrications.co.uk/,Warwick,lt IE 7/8 + modernizr-2.6.2,,office@mpjfabrications.co.uk,draft,,,,Wave 27 Warwickshire Coventry - top draft
Pixel Studios,https://pixelstudios.co.uk/,Warwick / Leamington,lt IE 7/8 conditional comments,,studio@pixelstudios.co.uk,draft,,,,Wave 27 Warwickshire Coventry - top draft
Seymours Solicitors,https://www.seymours-solicitors.co.uk/,Leamington Spa / Coventry,Fax: 01926 424182 on live team/contact,,law@seymours.co.uk,draft,,,,Wave 27 Warwickshire Coventry - top draft
Blythe Liggins,https://www.blytheliggins.co.uk/,Leamington Spa,jquery/1.11.0 + F: 01926 831331,,info@blytheliggins.co.uk,draft,,,,Wave 27 Warwickshire Coventry - top draft
ehB Reeves,https://ehbcommercial.com/,Leamington Spa,jquery-1.12.0 + f: 01926 888018,,info@ehbreeves.com,draft,,,,Wave 27 Warwickshire Coventry - top draft
BTTJ,https://www.bttj.com/,Coventry / Warwickshire,Fax: 02476 301300 on live contact,,enquiries@bttj.com,draft,,,,Wave 27 Warwickshire Coventry - top draft
Rotherham & Co,https://rotherham-solicitors.co.uk/,Coventry,Fax 024 7622 1293 on contact page,,info@rotherham-solicitors.co.uk,draft,,,,Wave 27 Warwickshire Coventry - top draft
Loveitts,https://www.loveitts.co.uk/,Coventry / Warwickshire,html5shiv/3.7.3 on live shopfront,,info@loveitts.co.uk,draft,,,,Wave 27 Warwickshire Coventry - top draft
Band Hatton Button,https://www.bandhattonbutton.com/,Coventry,lt IE 9 conditional comments,,info@bandhattonbutton.com,draft,,,,Wave 27 Warwickshire Coventry - top draft
Davisons Solicitors,https://davisons.law/offices/coventry/,Coventry,Live Fax: 024 7531 6960 on Coventry office page,,coventry@davisons.law,researched,,,,Wave 27 Warwickshire Coventry - backlog
Stately Fabrications,https://www.statelyfabrications.co.uk/,Coventry,html5shiv + respond + lte IE 8/9 (unreachable 502 on re-verify),,statelyfabrications@gmail.com,researched,,,,Wave 27 Warwickshire Coventry - backlog / unreachable on re-verify
Penmans Solicitors,https://www.penmanssolicitors.co.uk/,Coventry / Kenilworth,Coventry / Kenilworth / Wellesbourne solicitors - relatively current,,coventry@penmanssolicitors.co.uk,researched,,,,Wave 27 Warwickshire Coventry - backlog / weak / modern
Fullers Solicitors,https://www.fullerssolicitors.co.uk/,Rugby,Rugby solicitors est.1877 - relatively current,,info@fullerssolicitors.co.uk,researched,,,,Wave 27 Warwickshire Coventry - backlog / weak / modern
Cocks Lloyd,https://www.cockslloyd.co.uk/,Nuneaton / Bedworth,Nuneaton / Bedworth solicitors - relatively current,,reception@cockslloyd.co.uk,researched,,,,Wave 27 Warwickshire Coventry - backlog / weak / modern
Alsters Kelley,https://www.alsterskelley.com/,Warwickshire,Warwickshire solicitors - relatively current,,enquiries@alsterskelley.com,researched,,,,Wave 27 Warwickshire Coventry - backlog / weak / modern
Brethertons,https://www.brethertons.co.uk/,Warwickshire / regional,Regional solicitors - relatively current,,info@brethertons.co.uk,researched,,,,Wave 27 Warwickshire Coventry - backlog / weak / modern
Field Overell,https://fieldoverell.com/,Leamington Spa / Coventry,Leamington / Coventry solicitors - relatively current,,leamspa@fieldoverell.com,researched,,,,Wave 27 Warwickshire Coventry - backlog / weak / modern
Steers Printing,https://steers-printing.com/,Rugby,Rugby printers since 1947 - relatively current,,info@steers-printing.com,researched,,,,Wave 27 Warwickshire Coventry - backlog / weak / modern
GLB Property Services,https://www.glbpropertyservices.com/,Coventry / Leamington,Coventry / Leamington estate agents - relatively current,,info@glbpropertyservices.com,researched,,,,Wave 27 Warwickshire Coventry - backlog / weak / modern
Mount Properties,https://mountproperties.co.uk/,Coventry / Rugby,Coventry / Rugby estate agents - relatively current,,enquiries@mountproperties.co.uk,researched,,,,Wave 27 Warwickshire Coventry - backlog / weak / modern
Golden Key,https://goldenkeyestates.co.uk/,Leamington Spa,Leamington estate agents - relatively current,,info@goldenkeyestates.co.uk,researched,,,,Wave 27 Warwickshire Coventry - backlog / weak / modern
Universal Fabrications,https://universalfabrications.com/,Nuneaton,Nuneaton sheet metal / machining - relatively current,,email@universalfabrications.com,researched,,,,Wave 27 Warwickshire Coventry - backlog / weak / modern
WizParts,https://www.wiz-parts.co.uk/,Cubbington / Leamington,Cubbington sheet metal / tube fab - relatively current,,enquiries@wiz-parts.co.uk,researched,,,,Wave 27 Warwickshire Coventry - backlog / weak / modern
Shortland Horne,https://www.shortland-horne.co.uk/,Coventry,Coventry estate agents - relatively current,,dshortland@shortland-horne.co.uk,researched,,,,Wave 27 Warwickshire Coventry - backlog / weak / modern
FKB Electrical,https://www.fkb.co.uk/,Crewe,XHTML 1.0 Transitional + fax: 01270 251399,,fkb@fkb.co.uk,draft,,,,Wave 28 Cheshire Chester - top draft
Alma Sheet Metal,https://almasheetmetal.co.uk/,Macclesfield,lt IE 9 + html5shiv + respond.min.js,,estimating@almasheetmetal.co.uk,draft,,,,Wave 28 Cheshire Chester - top draft
Humphreys of Chester,https://www.humphreysofchester.co.uk/,Chester,lt IE 9 + html5shiv/3.7.2 + respond.min.js,,chestersales@humphreysofchester.co.uk,draft,,,,Wave 28 Cheshire Chester - top draft
Minshall & Co,https://minshallandco.co.uk/,Nantwich,lte IE 9 + html5shiv/3.7 + Fax: 01270 260600,,info@minshallandco.co.uk,draft,,,,Wave 28 Cheshire Chester - top draft
Hall Livesey Brown,https://hallliveseybrown.co.uk/,Tarporley / Cheshire,lt IE 7 + lte IE 9 conditional comments,,info@hallliveseybrown.co.uk,draft,,,,Wave 28 Cheshire Chester - top draft
Moss Haselhurst,https://www.mosshaselhurst.co.uk/,Northwich / Winsford,jquery/1.11.1 + Fax: 01606 871034 / 01606 861381,,enquiries@mosshaselhurst.co.uk,draft,,,,Wave 28 Cheshire Chester - top draft
Butcher & Barlow,https://butcher-barlow.co.uk/,Northwich / Sandbach / Runcorn,lt IE 7 conditional comments,,enquiries@butcher-barlow.co.uk,draft,,,,Wave 28 Cheshire Chester - top draft
Hammond McNulty,https://www.h-m.co.uk/,Congleton,Fax: 01260 299046 on live contact,,mail@h-m.co.uk,draft,,,,Wave 28 Cheshire Chester - top draft
Hargreaves & Woods,https://hargreaveswoods.co.uk/,Chester,Fax: 01244 400385 on live contact,,post@hargreaveswoods.co.uk,draft,,,,Wave 28 Cheshire Chester - top draft
Oliver & Co,https://www.oliverandco.co.uk/,Chester,Fax: 01244 350 261 on live contact,,law@oliverandco.co.uk,draft,,,,Wave 28 Cheshire Chester - top draft
Hibberts Solicitors,https://www.hibberts.com/,Crewe / Nantwich,f: 01270 500494 (Crewe) / f: 01270 628065 (Nantwich),,enquiries@hibberts.com,researched,,,,Wave 28 Cheshire Chester - backlog
Bartletts Solicitors,https://www.bartletts.co.uk/,Chester,Fax: 01244 319 398 on Chester office contact,,advice@bartletts.co.uk,researched,,,,Wave 28 Cheshire Chester - backlog
EuroFab Projects,https://eurofab.co.uk/,Chester,lte IE 7 + Copyright 2012 + Tel/Fax: 01244 955575,,,researched,,,,Wave 28 Cheshire Chester - backlog / no public email
Mid Cheshire Pallets,https://www.midcheshirepallets.co.uk/,Winsford / Cheshire,bgcolor table layout + Copyright 2009,,,researched,,,,Wave 28 Cheshire Chester - backlog / no public email
Castletons Accountants,https://www.castletons-accountants.co.uk/,Wilmslow,lt IE 8 conditional comments,,,researched,,,,Wave 28 Cheshire Chester - backlog / email unclear
Hatcher Hughes,https://www.hatcher-hughes.co.uk/,Chester,Fax: 01244 321721 on live contact,,,researched,,,,Wave 28 Cheshire Chester - backlog / email unclear on site
PDA Law,https://pdalaw.co.uk/,Chester,Fax 0843 208 1112 on live contact,,enquiries@pdalaw.co.uk,researched,,,,Wave 28 Cheshire Chester - backlog
Bartec Packaging,https://www.bartecpackaging.co.uk/,Northwich,Northwich flexible packaging - relatively current,,sales@bartecpackaging.co.uk,researched,,,,Wave 28 Cheshire Chester - backlog / weak / modern
XL Engineering,https://www.xl-eng.co.uk/,Cheshire,Sheet metal fabricators - relatively current,,sales@xl-eng.co.uk,researched,,,,Wave 28 Cheshire Chester - backlog / weak / modern
Johnsons Printers,https://jprint.co.uk/,Nantwich,Nantwich litho / large format - relatively current,,sales@jprint.co.uk,researched,,,,Wave 28 Cheshire Chester - backlog / weak / modern
Crewe Colour Printers,https://www.crewecolourprinters.com/,Sandbach / Crewe,Commercial printers - relatively current,,admin@crewecolourprinters.com,researched,,,,Wave 28 Cheshire Chester - backlog / weak / modern
Sphere UK,https://www.sphere-uk.co.uk/,Macclesfield,Macclesfield printers / packaging - relatively current,,info@sphereuk.co.uk,researched,,,,Wave 28 Cheshire Chester - backlog / weak / modern
DP Metalwork,https://www.dpmetalwork.com/,Warrington,Warrington architectural metalwork - relatively current,,,researched,,,,Wave 28 Cheshire Chester - backlog / weak / modern / email unclear
Hughes Fabrications,https://www.hughesfabrications.co.uk/,Northwich,Northwich laser / fabrication - relatively current,,hello@hughesfabrications.co.uk,researched,,,,Wave 28 Cheshire Chester - backlog / weak / modern
Cross Fabrications,https://www.crossfabricationsltd.co.uk/,Crewe,Crewe bespoke fabrications - relatively current,,crossfabricationsltd@gmail.com,researched,,,,Wave 28 Cheshire Chester - backlog / weak / modern
